Container Size,Location,Area,Row,Bay,Level,Location Status
40,A02A3,A,2,A,3,
40,A02C1,A,2,C,1,
40,A02C4,A,2,C,4,
40,A02D2,A,2,D,2,
40,A06B3,A,6,B,3,GROUNDED
40,A10B4,A,10,B,4,
40,A10D2,A,10,D,2,
40,A10D4,A,10,D,4,
40,A14D4,A,14,D,4,
40,A18C4,A,18,C,4,
40,A22C4,A,22,C,4,
40,A26C3,A,26,C,3,
40,B02A4,B,2,A,4,
40,B02B1,B,2,B,1,
40,B02B4,B,2,B,4,
40,B06C4,B,6,C,4,
40,B10C1,B,10,C,1,
40,B10D4,B,10,D,4,
40,B14A4,B,14,A,4,
40,B26B2,B,26,B,2,
40,B26B3,B,26,B,3,
40,C26B3,C,26,B,3,GROUNDED
40,C26D3,C,26,D,3,GROUNDED
20,F01D1,F,1,D,1,GROUNDED
20,F01D3,F,1,D,3,
40,F02D1,F,2,D,1,GROUNDED
40,F02D2,F,2,D,2,GROUNDED
40,F02D3,F,2,D,3,GROUNDED
20,F03D2,F,3,D,2,GROUNDED
20,F03D3,F,3,D,3,
20,F05D2,F,5,D,2,GROUNDED
20,F05D3,F,5,D,3,GROUNDED
40,F06A1,F,6,A,1,GROUNDED
40,F06A2,F,6,A,2,GROUNDED
40,F06A3,F,6,A,3,GROUNDED
40,F06B1,F,6,B,1,GROUNDED
40,F06B3,F,6,B,3,GROUNDED
40,F06C1,F,6,C,1,GROUNDED
40,F06C2,F,6,C,2,GROUNDED
40,F06C3,F,6,C,3,GROUNDED
40,F06D1,F,6,D,1,GROUNDED
40,F06D2,F,6,D,2,GROUNDED
40,F06D3,F,6,D,3,GROUNDED
20,F07D1,F,7,D,1,
20,F07D2,F,7,D,2,GROUNDED
20,F09A2,F,9,A,2,GROUNDED
20,F09B1,F,9,B,1,GROUNDED
20,F09B2,F,9,B,2,GROUNDED
20,F09B3,F,9,B,3,GROUNDED
20,F09C1,F,9,C,1,GROUNDED
20,F09C2,F,9,C,2,GROUNDED
20,F09C3,F,9,C,3,
20,F09D3,F,9,D,3,GROUNDED
40,F10A1,F,10,A,1,GROUNDED
40,F10A2,F,10,A,2,GROUNDED
40,F10A3,F,10,A,3,GROUNDED
40,F10B1,F,10,B,1,GROUNDED
40,F10B2,F,10,B,2,GROUNDED
40,F10C1,F,10,C,1,GROUNDED
40,F10C2,F,10,C,2,GROUNDED
40,F10C3,F,10,C,3,GROUNDED
40,F10D1,F,10,D,1,GROUNDED
40,F10D2,F,10,D,2,GROUNDED
40,F10D3,F,10,D,3,GROUNDED
20,F11A2,F,11,A,2,GROUNDED
20,F11B2,F,11,B,2,GROUNDED
20,F11B3,F,11,B,3,GROUNDED
20,F11C1,F,11,C,1,GROUNDED
20,F11C2,F,11,C,2,GROUNDED
20,F11C3,F,11,C,3,
20,F11D1,F,11,D,1,
20,F11D2,F,11,D,2,
20,F13A1,F,13,A,1,GROUNDED
20,F13A3,F,13,A,3,GROUNDED
20,F13B1,F,13,B,1,
20,F13B2,F,13,B,2,GROUNDED
20,F13C1,F,13,C,1,
20,F13C2,F,13,C,2,GROUNDED
20,F13C3,F,13,C,3,GROUNDED
20,F13D2,F,13,D,2,GROUNDED
20,F13D3,F,13,D,3,GROUNDED
40,F14A1,F,14,A,1,GROUNDED
40,F14A2,F,14,A,2,GROUNDED
40,F14A3,F,14,A,3,GROUNDED
40,F14B1,F,14,B,1,GROUNDED
40,F14B3,F,14,B,3,GROUNDED
40,F14C1,F,14,C,1,GROUNDED
40,F14D1,F,14,D,1,GROUNDED
40,F14D2,F,14,D,2,GROUNDED
40,F14D3,F,14,D,3,GROUNDED
20,F15A1,F,15,A,1,GROUNDED
20,F15B1,F,15,B,1,GROUNDED
20,F15B2,F,15,B,2,GROUNDED
20,F15B3,F,15,B,3,GROUNDED
20,F15C1,F,15,C,1,GROUNDED
20,F15C2,F,15,C,2,GROUNDED
20,F15C3,F,15,C,3,
20,F15D1,F,15,D,1,
20,F15D3,F,15,D,3,GROUNDED
20,F17B3,F,17,B,3,
20,F17C1,F,17,C,1,GROUNDED
20,F17C2,F,17,C,2,
20,F17C3,F,17,C,3,
20,F17D1,F,17,D,1,
20,F17D2,F,17,D,2,GROUNDED
40,F18A1,F,18,A,1,GROUNDED
40,F18A2,F,18,A,2,GROUNDED
40,F18A3,F,18,A,3,GROUNDED
40,F18B1,F,18,B,1,GROUNDED
40,F18B3,F,18,B,3,GROUNDED
40,F18C1,F,18,C,1,GROUNDED
40,F18C2,F,18,C,2,GROUNDED
40,F18C3,F,18,C,3,GROUNDED
40,F18D1,F,18,D,1,GROUNDED
40,F18D2,F,18,D,2,GROUNDED
40,F18D3,F,18,D,3,GROUNDED
20,F19B1,F,19,B,1,GROUNDED
20,F19B2,F,19,B,2,
20,F19B3,F,19,B,3,GROUNDED
20,F19C1,F,19,C,1,GROUNDED
20,F19C2,F,19,C,2,
20,F19C3,F,19,C,3,
20,F19D1,F,19,D,1,
20,F19D3,F,19,D,3,GROUNDED
20,F21A1,F,21,A,1,GROUNDED
20,F21A3,F,21,A,3,GROUNDED
20,F21B1,F,21,B,1,GROUNDED
20,F21B2,F,21,B,2,
20,F21B3,F,21,B,3,
20,F21C1,F,21,C,1,GROUNDED
20,F21C3,F,21,C,3,GROUNDED
20,F21D1,F,21,D,1,
20,F21D2,F,21,D,2,GROUNDED
40,F22A1,F,22,A,1,GROUNDED
40,F22A2,F,22,A,2,GROUNDED
40,F22A3,F,22,A,3,GROUNDED
40,F22B1,F,22,B,1,GROUNDED
40,F22B2,F,22,B,2,GROUNDED
40,F22B3,F,22,B,3,GROUNDED
40,F22C1,F,22,C,1,GROUNDED
40,F22C3,F,22,C,3,GROUNDED
40,F22D1,F,22,D,1,GROUNDED
40,F22D2,F,22,D,2,GROUNDED
40,F22D3,F,22,D,3,GROUNDED
20,F23B1,F,23,B,1,GROUNDED
20,F23C2,F,23,C,2,GROUNDED
20,F23C3,F,23,C,3,GROUNDED
20,F23D2,F,23,D,2,GROUNDED
20,F23D3,F,23,D,3,GROUNDED
20,F25A1,F,25,A,1,GROUNDED
20,F25A3,F,25,A,3,GROUNDED
20,F25B1,F,25,B,1,GROUNDED
20,F25B2,F,25,B,2,GROUNDED
20,F25C2,F,25,C,2,
20,F25C3,F,25,C,3,GROUNDED
20,F25D1,F,25,D,1,
20,F25D3,F,25,D,3,GROUNDED
40,F26A2,F,26,A,2,GROUNDED
40,F26B1,F,26,B,1,GROUNDED
40,F26B2,F,26,B,2,GROUNDED
40,F26B3,F,26,B,3,GROUNDED
40,F26C1,F,26,C,1,GROUNDED
40,F26C2,F,26,C,2,GROUNDED
40,F26D1,F,26,D,1,GROUNDED
20,F27B1,F,27,B,1,GROUNDED
20,F27B2,F,27,B,2,GROUNDED
20,F27C2,F,27,C,2,
20,F27C3,F,27,C,3,GROUNDED
20,F27D1,F,27,D,1,GROUNDED
20,F27D2,F,27,D,2,GROUNDED
20,F27D3,F,27,D,3,GROUNDED
20,G01A1,G,1,A,1,GROUNDED
20,G01A2,G,1,A,2,GROUNDED
20,G01B1,G,1,B,1,
20,G01B2,G,1,B,2,GROUNDED
20,G01B3,G,1,B,3,GROUNDED
40,G02A1,G,2,A,1,GROUNDED
40,G02A3,G,2,A,3,GROUNDED
40,G02B2,G,2,B,2,GROUNDED
40,G02B3,G,2,B,3,GROUNDED
20,G03A1,G,3,A,1,GROUNDED
20,G03A2,G,3,A,2,GROUNDED
20,G03B1,G,3,B,1,GROUNDED
20,G03B2,G,3,B,2,
20,G05A1,G,5,A,1,GROUNDED
20,G05A2,G,5,A,2,GROUNDED
20,G05A3,G,5,A,3,GROUNDED
40,G06A2,G,6,A,2,GROUNDED
20,G07A1,G,7,A,1,GROUNDED
20,G07A2,G,7,A,2,GROUNDED
20,G09A1,G,9,A,1,GROUNDED
20,G09A2,G,9,A,2,GROUNDED
20,G09A3,G,9,A,3,
40,G10A1,G,10,A,1,GROUNDED
40,G10A2,G,10,A,2,GROUNDED
40,G10A3,G,10,A,3,GROUNDED
20,G11A2,G,11,A,2,GROUNDED
20,G11A3,G,11,A,3,
20,G13A1,G,13,A,1,GROUNDED
20,G13A2,G,13,A,2,
40,G14A1,G,14,A,1,GROUNDED
40,G14A2,G,14,A,2,GROUNDED
40,G14A3,G,14,A,3,GROUNDED
20,G15A1,G,15,A,1,GROUNDED
20,G15A2,G,15,A,2,GROUNDED
20,G17A1,G,17,A,1,GROUNDED
20,G17A2,G,17,A,2,GROUNDED
40,G18A1,G,18,A,1,GROUNDED
40,G18A2,G,18,A,2,GROUNDED
20,G19A1,G,19,A,1,GROUNDED
20,G19A2,G,19,A,2,GROUNDED
20,G19A3,G,19,A,3,GROUNDED
20,G21A1,G,21,A,1,GROUNDED
20,G21A2,G,21,A,2,GROUNDED
20,G21A3,G,21,A,3,GROUNDED
40,G22A1,G,22,A,1,GROUNDED
40,G22A2,G,22,A,2,GROUNDED
40,G22A3,G,22,A,3,GROUNDED
20,G23A1,G,23,A,1,GROUNDED
20,G23A2,G,23,A,2,GROUNDED
20,G23A3,G,23,A,3,
20,G25A1,G,25,A,1,GROUNDED
20,G25A2,G,25,A,2,GROUNDED
40,G26A2,G,26,A,2,GROUNDED
40,G26A3,G,26,A,3,GROUNDED
20,G27A1,G,27,A,1,GROUNDED
20,G27A2,G,27,A,2,GROUNDED
20,G27A3,G,27,A,3,GROUNDED
40,H14A3,H,14,A,3,
40,H14B1,H,14,B,1,
40,H14B3,H,14,B,3,
40,H14C1,H,14,C,1,
40,H14C2,H,14,C,2,
40,H14C3,H,14,C,3,
40,H18A2,H,18,A,2,
40,H18A3,H,18,A,3,
40,H18B1,H,18,B,1,
40,H18C1,H,18,C,1,
40,H18C3,H,18,C,3,
20,H21A2,H,21,A,2,
20,H21A3,H,21,A,3,
20,H21B1,H,21,B,1,
20,H21B2,H,21,B,2,
20,H21B3,H,21,B,3,
20,H21C1,H,21,C,1,
20,H21C2,H,21,C,2,
20,H21C3,H,21,C,3,
40,H22A2,H,22,A,2,
40,H22A3,H,22,A,3,
40,H22B1,H,22,B,1,
40,H22B2,H,22,B,2,
40,H22C2,H,22,C,2,
40,H22C3,H,22,C,3,
20,H23A1,H,23,A,1,
20,H23A3,H,23,A,3,
20,H23B1,H,23,B,1,
20,H23B2,H,23,B,2,
20,H23B3,H,23,B,3,
20,H23C1,H,23,C,1,
20,H23C2,H,23,C,2,
20,H23C3,H,23,C,3,
20,J01D1,J,1,D,1,GROUNDED
20,J01D2,J,1,D,2,GROUNDED
20,J01D3,J,1,D,3,GROUNDED
40,J02A1,J,2,A,1,
40,J02A2,J,2,A,2,
40,J02A3,J,2,A,3,
40,J02B2,J,2,B,2,
40,J02B3,J,2,B,3,
40,J02C1,J,2,C,1,
40,J02C2,J,2,C,2,
40,J02C3,J,2,C,3,
40,J02D1,J,2,D,1,
40,J02D2,J,2,D,2,
40,J02D3,J,2,D,3,
20,J03D1,J,3,D,1,
20,J03D2,J,3,D,2,
20,J03D3,J,3,D,3,
20,J05D3,J,5,D,3,GROUNDED
40,J06A1,J,6,A,1,
40,J06A2,J,6,A,2,
40,J06A3,J,6,A,3,
40,J06B1,J,6,B,1,
40,J06B2,J,6,B,2,
40,J06C1,J,6,C,1,
40,J06C2,J,6,C,2,
40,J06D1,J,6,D,1,
40,J06D2,J,6,D,2,
40,J06D3,J,6,D,3,
20,J07D1,J,7,D,1,GROUNDED
20,J07D2,J,7,D,2,GROUNDED
20,J07D3,J,7,D,3,GROUNDED
20,J09D1,J,9,D,1,GROUNDED
20,J09D2,J,9,D,2,GROUNDED
40,J10A1,J,10,A,1,
40,J10A2,J,10,A,2,
40,J10A3,J,10,A,3,
40,J10B1,J,10,B,1,
40,J10B2,J,10,B,2,
40,J10B3,J,10,B,3,
40,J10C1,J,10,C,1,
40,J10C2,J,10,C,2,
40,J10C3,J,10,C,3,
40,J10D1,J,10,D,1,
40,J10D3,J,10,D,3,
20,J11D2,J,11,D,2,GROUNDED
20,J11D3,J,11,D,3,GROUNDED
20,J13D1,J,13,D,1,GROUNDED
20,J13D2,J,13,D,2,
40,J14A1,J,14,A,1,
40,J14A2,J,14,A,2,
40,J14A3,J,14,A,3,
40,J14B3,J,14,B,3,
40,J14C1,J,14,C,1,
40,J14C2,J,14,C,2,
40,J14C3,J,14,C,3,
40,J14D1,J,14,D,1,
40,J14D2,J,14,D,2,
40,J14D3,J,14,D,3,GROUNDED
20,J15D3,J,15,D,3,GROUNDED
20,J17A1,J,17,A,1,GROUNDED
20,J17A2,J,17,A,2,
20,J17A3,J,17,A,3,
20,J17B1,J,17,B,1,
20,J17B2,J,17,B,2,
20,J17B3,J,17,B,3,GROUNDED
20,J17C1,J,17,C,1,
20,J17C2,J,17,C,2,GROUNDED
20,J17C3,J,17,C,3,GROUNDED
20,J17D1,J,17,D,1,
20,J17D2,J,17,D,2,
40,J18A1,J,18,A,1,
40,J18A2,J,18,A,2,
40,J18A3,J,18,A,3,
40,J18B1,J,18,B,1,
40,J18B2,J,18,B,2,
40,J18B3,J,18,B,3,
40,J18C1,J,18,C,1,
40,J18C2,J,18,C,2,
40,J18C3,J,18,C,3,
40,J18D1,J,18,D,1,
40,J18D2,J,18,D,2,
40,J18D3,J,18,D,3,
20,J19A1,J,19,A,1,
20,J19A2,J,19,A,2,
20,J19A3,J,19,A,3,GROUNDED
20,J19B1,J,19,B,1,
20,J19B3,J,19,B,3,
20,J19C1,J,19,C,1,
20,J19C2,J,19,C,2,GROUNDED
20,J19C3,J,19,C,3,
20,J19D1,J,19,D,1,
20,J19D2,J,19,D,2,GROUNDED
20,J19D3,J,19,D,3,GROUNDED
20,J21A1,J,21,A,1,
20,J21A2,J,21,A,2,GROUNDED
20,J21B2,J,21,B,2,
20,J21B3,J,21,B,3,
20,J21C2,J,21,C,2,GROUNDED
20,J21D2,J,21,D,2,GROUNDED
20,J21D3,J,21,D,3,GROUNDED
40,J22A1,J,22,A,1,
40,J22A2,J,22,A,2,
40,J22B1,J,22,B,1,
40,J22B2,J,22,B,2,
40,J22B3,J,22,B,3,
40,J22C1,J,22,C,1,
40,J22C2,J,22,C,2,
40,J22C3,J,22,C,3,
40,J22D2,J,22,D,2,
40,J22D3,J,22,D,3,
20,J23A1,J,23,A,1,GROUNDED
20,J23A2,J,23,A,2,
20,J23A3,J,23,A,3,
20,J23B1,J,23,B,1,GROUNDED
20,J23B2,J,23,B,2,
20,J23B3,J,23,B,3,
20,J23C1,J,23,C,1,
20,J23C2,J,23,C,2,GROUNDED
20,J23C3,J,23,C,3,
20,J23D1,J,23,D,1,
20,J23D3,J,23,D,3,
20,J25A1,J,25,A,1,GROUNDED
20,J25A2,J,25,A,2,GROUNDED
20,J25B2,J,25,B,2,
20,J25B3,J,25,B,3,
20,J25C1,J,25,C,1,
20,J25C2,J,25,C,2,
20,J25D1,J,25,D,1,GROUNDED
20,J25D2,J,25,D,2,
40,J26A1,J,26,A,1,
40,J26A2,J,26,A,2,
40,J26A3,J,26,A,3,
40,J26B1,J,26,B,1,
40,J26B2,J,26,B,2,
40,J26B3,J,26,B,3,
40,J26C2,J,26,C,2,
40,J26C3,J,26,C,3,
40,J26D1,J,26,D,1,
40,J26D2,J,26,D,2,
40,J26D3,J,26,D,3,
20,J27A1,J,27,A,1,GROUNDED
20,J27A2,J,27,A,2,
20,J27A3,J,27,A,3,GROUNDED
20,J27B1,J,27,B,1,GROUNDED
20,J27B2,J,27,B,2,
20,J27C1,J,27,C,1,
20,J27C2,J,27,C,2,
20,J27C3,J,27,C,3,GROUNDED
20,J27D2,J,27,D,2,GROUNDED
20,J27D3,J,27,D,3,
20,J29A1,J,29,A,1,
20,J29A2,J,29,A,2,
20,J29B1,J,29,B,1,GROUNDED
20,J29B2,J,29,B,2,
20,J29B3,J,29,B,3,GROUNDED
20,J29C2,J,29,C,2,
20,J29C3,J,29,C,3,GROUNDED
20,J29D2,J,29,D,2,
20,J29D3,J,29,D,3,GROUNDED
40,J30A1,J,30,A,1,
40,J30A2,J,30,A,2,
40,J30A3,J,30,A,3,
40,J30B1,J,30,B,1,
40,J30B3,J,30,B,3,
40,J30C1,J,30,C,1,
40,J30C2,J,30,C,2,
40,J30C3,J,30,C,3,
40,J30D1,J,30,D,1,
40,J30D2,J,30,D,2,
40,J30D3,J,30,D,3,
20,J31A1,J,31,A,1,
20,J31A2,J,31,A,2,GROUNDED
20,J31A3,J,31,A,3,GROUNDED
20,J31B1,J,31,B,1,GROUNDED
20,J31B2,J,31,B,2,GROUNDED
20,J31B3,J,31,B,3,GROUNDED
20,J31C1,J,31,C,1,
20,J31C3,J,31,C,3,GROUNDED
20,J31D1,J,31,D,1,GROUNDED
20,J31D2,J,31,D,2,GROUNDED
20,J33A1,J,33,A,1,GROUNDED
20,J33A3,J,33,A,3,GROUNDED
20,J33B1,J,33,B,1,GROUNDED
20,J33B2,J,33,B,2,GROUNDED
20,J33B3,J,33,B,3,GROUNDED
20,J33C1,J,33,C,1,GROUNDED
20,J33C2,J,33,C,2,
20,J33D1,J,33,D,1,
20,J33D2,J,33,D,2,
20,J33D3,J,33,D,3,GROUNDED
40,J34A1,J,34,A,1,
40,J34A2,J,34,A,2,
40,J34A3,J,34,A,3,
40,J34B1,J,34,B,1,
40,J34B2,J,34,B,2,
40,J34B3,J,34,B,3,
40,J34C1,J,34,C,1,
40,J34C2,J,34,C,2,
40,J34C3,J,34,C,3,
40,J34D1,J,34,D,1,
40,J34D2,J,34,D,2,
40,J34D3,J,34,D,3,
20,J35A1,J,35,A,1,
20,J35A2,J,35,A,2,GROUNDED
20,J35A3,J,35,A,3,
20,J35B1,J,35,B,1,
20,J35B3,J,35,B,3,
20,J35C1,J,35,C,1,
20,J35C2,J,35,C,2,
20,J35C3,J,35,C,3,GROUNDED
20,J35D1,J,35,D,1,
20,J35D2,J,35,D,2,
20,J37A1,J,37,A,1,
20,J37A2,J,37,A,2,
20,J37A3,J,37,A,3,
20,J37B1,J,37,B,1,GROUNDED
20,J37B2,J,37,B,2,GROUNDED
20,J37C1,J,37,C,1,GROUNDED
20,J37C2,J,37,C,2,
20,J37C3,J,37,C,3,GROUNDED
20,J37D1,J,37,D,1,GROUNDED
20,J37D3,J,37,D,3,
40,J38A1,J,38,A,1,
40,J38A2,J,38,A,2,
40,J38B1,J,38,B,1,
40,J38B2,J,38,B,2,
40,J38B3,J,38,B,3,
40,J38C1,J,38,C,1,
40,J38C2,J,38,C,2,
40,J38C3,J,38,C,3,
40,J38D1,J,38,D,1,
40,J38D2,J,38,D,2,
40,J38D3,J,38,D,3,
20,J39A1,J,39,A,1,
20,J39A2,J,39,A,2,
20,J39B3,J,39,B,3,GROUNDED
20,J39C2,J,39,C,2,
20,J39C3,J,39,C,3,GROUNDED
20,J39D2,J,39,D,2,GROUNDED
20,J39D3,J,39,D,3,
20,J41A1,J,41,A,1,
20,J41A3,J,41,A,3,
20,J41B1,J,41,B,1,
20,J41B2,J,41,B,2,
20,J41B3,J,41,B,3,GROUNDED
20,J41C1,J,41,C,1,GROUNDED
20,J41C3,J,41,C,3,GROUNDED
20,J41D1,J,41,D,1,
20,J41D2,J,41,D,2,
40,J42A2,J,42,A,2,
40,J42A3,J,42,A,3,
40,J42B1,J,42,B,1,
40,J42B3,J,42,B,3,
40,J42C1,J,42,C,1,
40,J42C2,J,42,C,2,
40,J42D1,J,42,D,1,
40,J42D2,J,42,D,2,
40,J42D3,J,42,D,3,
20,J43A2,J,43,A,2,
20,J43B1,J,43,B,1,GROUNDED
20,J43B2,J,43,B,2,
20,J43B3,J,43,B,3,GROUNDED
20,J43C1,J,43,C,1,
20,J43C3,J,43,C,3,GROUNDED
20,J43D1,J,43,D,1,GROUNDED
20,J43D2,J,43,D,2,
20,J43D3,J,43,D,3,GROUNDED
20,J45A1,J,45,A,1,GROUNDED
20,J45A2,J,45,A,2,GROUNDED
20,J45A3,J,45,A,3,GROUNDED
20,J45B1,J,45,B,1,
20,J45B2,J,45,B,2,GROUNDED
20,J45C1,J,45,C,1,
20,J45C2,J,45,C,2,GROUNDED
20,J45C3,J,45,C,3,
20,J45D1,J,45,D,1,
40,J46A1,J,46,A,1,
40,J46A2,J,46,A,2,
40,J46A3,J,46,A,3,
40,J46B1,J,46,B,1,
40,J46B2,J,46,B,2,
40,J46B3,J,46,B,3,
40,J46C1,J,46,C,1,
40,J46C2,J,46,C,2,
40,J46C3,J,46,C,3,
40,J46D1,J,46,D,1,
40,J46D2,J,46,D,2,
40,J46D3,J,46,D,3,
20,J47A1,J,47,A,1,GROUNDED
20,J47A2,J,47,A,2,GROUNDED
20,J47A3,J,47,A,3,GROUNDED
20,J47B1,J,47,B,1,GROUNDED
20,J47B3,J,47,B,3,GROUNDED
20,J47C1,J,47,C,1,GROUNDED
20,J47C2,J,47,C,2,GROUNDED
20,J47C3,J,47,C,3,
20,J47D2,J,47,D,2,
20,J47D3,J,47,D,3,GROUNDED
20,J49A2,J,49,A,2,
20,J49A3,J,49,A,3,
20,J49B1,J,49,B,1,GROUNDED
20,J49B3,J,49,B,3,GROUNDED
20,J49C2,J,49,C,2,GROUNDED
20,J49D1,J,49,D,1,
20,J49D3,J,49,D,3,GROUNDED
40,J50A1,J,50,A,1,
40,J50A2,J,50,A,2,
40,J50A3,J,50,A,3,
40,J50B1,J,50,B,1,
40,J50B2,J,50,B,2,
40,J50B3,J,50,B,3,
40,J50C1,J,50,C,1,
40,J50C2,J,50,C,2,
40,J50C3,J,50,C,3,
40,J50D1,J,50,D,1,
40,J50D2,J,50,D,2,
40,J50D3,J,50,D,3,
20,J51A1,J,51,A,1,GROUNDED
20,J51A2,J,51,A,2,GROUNDED
20,J51A3,J,51,A,3,GROUNDED
20,J51B2,J,51,B,2,GROUNDED
20,J51B3,J,51,B,3,GROUNDED
20,J51C1,J,51,C,1,GROUNDED
20,J51C2,J,51,C,2,GROUNDED
20,J51C3,J,51,C,3,GROUNDED
20,J51D2,J,51,D,2,GROUNDED
20,J51D3,J,51,D,3,GROUNDED
20,J53A1,J,53,A,1,GROUNDED
20,J53A2,J,53,A,2,GROUNDED
20,J53A3,J,53,A,3,GROUNDED
20,J53B2,J,53,B,2,GROUNDED
20,J53B3,J,53,B,3,
20,J53C1,J,53,C,1,
20,J53D1,J,53,D,1,GROUNDED
20,J53D2,J,53,D,2,
20,J53D3,J,53,D,3,
40,J54A1,J,54,A,1,
40,J54A2,J,54,A,2,
40,J54A3,J,54,A,3,
40,J54B1,J,54,B,1,
40,J54B2,J,54,B,2,
40,J54B3,J,54,B,3,
40,J54C1,J,54,C,1,
40,J54C2,J,54,C,2,
40,J54C3,J,54,C,3,
40,J54D1,J,54,D,1,
40,J54D2,J,54,D,2,
40,J54D3,J,54,D,3,
20,J55A3,J,55,A,3,
20,J55B1,J,55,B,1,GROUNDED
20,J55B2,J,55,B,2,GROUNDED
20,J55B3,J,55,B,3,
20,J55C1,J,55,C,1,
20,J55C2,J,55,C,2,GROUNDED
20,J55D1,J,55,D,1,
20,J55D2,J,55,D,2,
20,J55D3,J,55,D,3,GROUNDED
20,J57A1,J,57,A,1,GROUNDED
20,J57A3,J,57,A,3,GROUNDED
20,J57B1,J,57,B,1,
20,J57B2,J,57,B,2,GROUNDED
20,J57C1,J,57,C,1,
20,J57C2,J,57,C,2,
20,J57C3,J,57,C,3,
20,J57D1,J,57,D,1,
20,J57D2,J,57,D,2,GROUNDED
20,J57D3,J,57,D,3,
40,J58A1,J,58,A,1,
40,J58A2,J,58,A,2,
40,J58A3,J,58,A,3,
40,J58B1,J,58,B,1,
40,J58B2,J,58,B,2,
40,J58B3,J,58,B,3,
40,J58C1,J,58,C,1,
40,J58C2,J,58,C,2,
40,J58C3,J,58,C,3,
40,J58D1,J,58,D,1,
40,J58D2,J,58,D,2,
40,J58D3,J,58,D,3,
20,J59A1,J,59,A,1,
20,J59A2,J,59,A,2,
20,J59A3,J,59,A,3,
20,J59B2,J,59,B,2,GROUNDED
20,J59C2,J,59,C,2,GROUNDED
20,J59D1,J,59,D,1,GROUNDED
20,K01A1,K,1,A,1,
20,K01A2,K,1,A,2,
20,K01A3,K,1,A,3,
20,K01B1,K,1,B,1,
20,K01B2,K,1,B,2,
20,K01B3,K,1,B,3,
40,K02A1,K,2,A,1,
40,K02A2,K,2,A,2,
40,K02A3,K,2,A,3,
40,K02B1,K,2,B,1,
40,K02B2,K,2,B,2,
40,K02B3,K,2,B,3,
40,K02C1,K,2,C,1,
40,K02C2,K,2,C,2,
40,K02C3,K,2,C,3,
40,K02D1,K,2,D,1,
40,K02D2,K,2,D,2,
40,K02D3,K,2,D,3,
40,K06A1,K,6,A,1,
40,K06A2,K,6,A,2,
40,K06A3,K,6,A,3,
40,K06B1,K,6,B,1,
40,K06B2,K,6,B,2,
40,K06B3,K,6,B,3,
40,K06C1,K,6,C,1,
40,K06C2,K,6,C,2,
40,K06C3,K,6,C,3,
40,K06D1,K,6,D,1,
40,K06D2,K,6,D,2,
40,K06D3,K,6,D,3,
20,K09A1,K,9,A,1,
20,K09A2,K,9,A,2,
20,K09A3,K,9,A,3,
20,K09B1,K,9,B,1,
20,K09B2,K,9,B,2,
20,K09B3,K,9,B,3,
20,K09C1,K,9,C,1,
20,K09C2,K,9,C,2,
20,K09C3,K,9,C,3,
20,K09D1,K,9,D,1,
20,K09D2,K,9,D,2,
20,K09D3,K,9,D,3,
40,M02A1,M,2,A,1,
40,M02A2,M,2,A,2,
40,M02A3,M,2,A,3,
40,M02B1,M,2,B,1,GROUNDED
40,M02B2,M,2,B,2,
40,M02B3,M,2,B,3,
40,M02C1,M,2,C,1,
40,M02C2,M,2,C,2,
40,M02C3,M,2,C,3,
40,M02D2,M,2,D,2,
40,M02D3,M,2,D,3,
40,M06A1,M,6,A,1,
40,M06A3,M,6,A,3,
40,M06B1,M,6,B,1,
40,M06B2,M,6,B,2,
40,M06B3,M,6,B,3,
40,M06C1,M,6,C,1,
40,M06C2,M,6,C,2,
40,M06C3,M,6,C,3,GROUNDED
40,M06D1,M,6,D,1,
40,M06D2,M,6,D,2,
20,M07A1,M,7,A,1,
20,M07A2,M,7,A,2,
20,M07A3,M,7,A,3,
20,M07B1,M,7,B,1,
20,M07B2,M,7,B,2,
20,M07B3,M,7,B,3,
20,M07C1,M,7,C,1,
20,M07C2,M,7,C,2,
20,M07C3,M,7,C,3,
20,M07D1,M,7,D,1,
20,M07D2,M,7,D,2,
20,M07D3,M,7,D,3,
20,M09A1,M,9,A,1,
20,M09A2,M,9,A,2,
20,M09A3,M,9,A,3,
20,M09B1,M,9,B,1,
20,M09B2,M,9,B,2,
20,M09B3,M,9,B,3,
20,M09C1,M,9,C,1,
20,M09C2,M,9,C,2,
20,M09C3,M,9,C,3,
20,M09D1,M,9,D,1,
20,M09D2,M,9,D,2,
20,M09D3,M,9,D,3,
40,M10A1,M,10,A,1,
40,M10A2,M,10,A,2,
40,M10A3,M,10,A,3,
40,M10B1,M,10,B,1,
40,M10B2,M,10,B,2,
40,M10B3,M,10,B,3,GROUNDED
40,M10C1,M,10,C,1,
40,M10C2,M,10,C,2,
40,M10C3,M,10,C,3,
40,M10D1,M,10,D,1,
40,M10D2,M,10,D,2,
40,M10D3,M,10,D,3,GROUNDED
20,M11A1,M,11,A,1,
20,M11A2,M,11,A,2,
20,M11A3,M,11,A,3,
20,M11B1,M,11,B,1,
20,M11B2,M,11,B,2,
20,M11B3,M,11,B,3,
20,M11C1,M,11,C,1,
20,M11C2,M,11,C,2,
20,M11C3,M,11,C,3,
20,M11D1,M,11,D,1,
20,M11D2,M,11,D,2,
20,M11D3,M,11,D,3,
20,M13A1,M,13,A,1,
20,M13A2,M,13,A,2,
20,M13A3,M,13,A,3,
20,M13B1,M,13,B,1,
20,M13B2,M,13,B,2,
20,M13B3,M,13,B,3,
20,M13C2,M,13,C,2,
20,M13C3,M,13,C,3,
20,M13D1,M,13,D,1,
20,M13D2,M,13,D,2,
20,M13D3,M,13,D,3,
40,M14A1,M,14,A,1,
40,M14A2,M,14,A,2,
40,M14A3,M,14,A,3,
40,M14B1,M,14,B,1,
40,M14B2,M,14,B,2,
40,M14B3,M,14,B,3,
40,M14C1,M,14,C,1,
40,M14C2,M,14,C,2,
40,M14C3,M,14,C,3,
40,M14D1,M,14,D,1,
40,M14D2,M,14,D,2,
40,M14D3,M,14,D,3,
20,M15A1,M,15,A,1,
20,M15A2,M,15,A,2,
20,M15A3,M,15,A,3,
20,M15B1,M,15,B,1,
20,M15B2,M,15,B,2,
20,M15B3,M,15,B,3,
20,M15C1,M,15,C,1,
20,M15C2,M,15,C,2,
20,M15C3,M,15,C,3,
20,M15D1,M,15,D,1,
20,M15D2,M,15,D,2,
20,M15D3,M,15,D,3,
20,M17A1,M,17,A,1,
20,M17A2,M,17,A,2,
20,M17A3,M,17,A,3,
20,M17B1,M,17,B,1,
20,M17B2,M,17,B,2,
20,M17B3,M,17,B,3,
20,M17C1,M,17,C,1,
20,M17C2,M,17,C,2,
20,M17C3,M,17,C,3,
20,M17D1,M,17,D,1,
20,M17D2,M,17,D,2,
20,M17D3,M,17,D,3,
40,M18A1,M,18,A,1,
40,M18A2,M,18,A,2,
40,M18A3,M,18,A,3,
40,M18B2,M,18,B,2,
40,M18B3,M,18,B,3,
40,M18C1,M,18,C,1,
40,M18C3,M,18,C,3,
40,M18D1,M,18,D,1,
40,M18D2,M,18,D,2,GROUNDED
40,M18D3,M,18,D,3,GROUNDED
20,M19A1,M,19,A,1,
20,M19A2,M,19,A,2,
20,M19A3,M,19,A,3,
20,M19B1,M,19,B,1,
20,M19B2,M,19,B,2,
20,M19B3,M,19,B,3,
20,M19C1,M,19,C,1,
20,M19C2,M,19,C,2,
20,M19C3,M,19,C,3,
20,M19D1,M,19,D,1,
20,M19D2,M,19,D,2,
20,M19D3,M,19,D,3,
20,M21A1,M,21,A,1,
20,M21A2,M,21,A,2,
20,M21A3,M,21,A,3,
20,M21B1,M,21,B,1,
20,M21B2,M,21,B,2,
20,M21B3,M,21,B,3,
20,M21C1,M,21,C,1,
20,M21C2,M,21,C,2,
20,M21C3,M,21,C,3,
20,M21D1,M,21,D,1,
20,M21D2,M,21,D,2,
20,M21D3,M,21,D,3,
40,M22A1,M,22,A,1,
40,M22A3,M,22,A,3,
40,M22B1,M,22,B,1,
40,M22B2,M,22,B,2,
40,M22B3,M,22,B,3,
40,M22C1,M,22,C,1,
40,M22C2,M,22,C,2,
40,M22C3,M,22,C,3,
40,M22D1,M,22,D,1,
40,M22D2,M,22,D,2,
20,M23A1,M,23,A,1,
20,M23A2,M,23,A,2,
20,M23A3,M,23,A,3,
20,M23B1,M,23,B,1,
20,M23B2,M,23,B,2,
20,M23B3,M,23,B,3,
20,M23C1,M,23,C,1,
20,M23C2,M,23,C,2,
20,M23C3,M,23,C,3,
20,M23D1,M,23,D,1,
20,M23D2,M,23,D,2,
20,M23D3,M,23,D,3,
20,M25A1,M,25,A,1,
20,M25A2,M,25,A,2,
20,M25A3,M,25,A,3,
20,M25B1,M,25,B,1,
20,M25B2,M,25,B,2,
20,M25B3,M,25,B,3,
20,M25C1,M,25,C,1,
20,M25C2,M,25,C,2,
20,M25C3,M,25,C,3,
20,M25D1,M,25,D,1,
20,M25D2,M,25,D,2,
20,M25D3,M,25,D,3,
40,M26A1,M,26,A,1,
40,M26A2,M,26,A,2,
40,M26A3,M,26,A,3,
40,M26B1,M,26,B,1,
40,M26B2,M,26,B,2,
40,M26B3,M,26,B,3,
40,M26C1,M,26,C,1,
40,M26C2,M,26,C,2,
40,M26C3,M,26,C,3,GROUNDED
40,M26D1,M,26,D,1,
40,M26D2,M,26,D,2,
40,M26D3,M,26,D,3,
20,M27A1,M,27,A,1,
20,M27A2,M,27,A,2,
20,M27A3,M,27,A,3,
20,M27B1,M,27,B,1,
20,M27B2,M,27,B,2,
20,M27B3,M,27,B,3,
20,M27C1,M,27,C,1,
20,M27C2,M,27,C,2,
20,M27C3,M,27,C,3,
20,M27D1,M,27,D,1,
20,M27D2,M,27,D,2,
20,M27D3,M,27,D,3,
20,M29A1,M,29,A,1,
20,M29A2,M,29,A,2,
20,M29A3,M,29,A,3,
20,M29B1,M,29,B,1,
20,M29B2,M,29,B,2,
20,M29B3,M,29,B,3,
20,M29C1,M,29,C,1,
20,M29C2,M,29,C,2,
20,M29C3,M,29,C,3,
20,M29D1,M,29,D,1,
20,M29D2,M,29,D,2,
20,M29D3,M,29,D,3,
40,M30A1,M,30,A,1,
40,M30A2,M,30,A,2,
40,M30A3,M,30,A,3,
40,M30B1,M,30,B,1,
40,M30B2,M,30,B,2,
40,M30B3,M,30,B,3,
40,M30C1,M,30,C,1,
40,M30C2,M,30,C,2,
40,M30C3,M,30,C,3,
40,M30D1,M,30,D,1,
40,M30D2,M,30,D,2,
40,M30D3,M,30,D,3,
20,M31A1,M,31,A,1,
20,M31A2,M,31,A,2,
20,M31A3,M,31,A,3,
20,M31B1,M,31,B,1,
20,M31B2,M,31,B,2,
20,M31B3,M,31,B,3,
20,M31C1,M,31,C,1,
20,M31C2,M,31,C,2,
20,M31C3,M,31,C,3,
20,M31D1,M,31,D,1,
20,M31D2,M,31,D,2,
20,M31D3,M,31,D,3,
20,M33A1,M,33,A,1,
20,M33A2,M,33,A,2,
20,M33A3,M,33,A,3,
20,M33B1,M,33,B,1,
20,M33B2,M,33,B,2,
20,M33B3,M,33,B,3,
20,M33C1,M,33,C,1,
20,M33C2,M,33,C,2,
20,M33C3,M,33,C,3,
20,M33D1,M,33,D,1,
20,M33D2,M,33,D,2,
20,M33D3,M,33,D,3,
40,M34A1,M,34,A,1,
40,M34A2,M,34,A,2,
40,M34A3,M,34,A,3,
40,M34B1,M,34,B,1,
40,M34B2,M,34,B,2,
40,M34B3,M,34,B,3,
40,M34C1,M,34,C,1,
40,M34C2,M,34,C,2,GROUNDED
40,M34C3,M,34,C,3,
40,M34D1,M,34,D,1,
40,M34D2,M,34,D,2,
40,M34D3,M,34,D,3,
20,M35A1,M,35,A,1,
20,M35A2,M,35,A,2,
20,M35A3,M,35,A,3,
20,M35B1,M,35,B,1,
20,M35B2,M,35,B,2,
20,M35B3,M,35,B,3,
20,M35C1,M,35,C,1,GROUNDED
20,M35C2,M,35,C,2,
20,M35C3,M,35,C,3,
20,M35D1,M,35,D,1,
20,M35D2,M,35,D,2,
20,M35D3,M,35,D,3,
40,C02A1,C,2,A,1,GROUNDED
40,C02B1,C,2,B,1,GROUNDED
40,C02B3,C,2,B,3,GROUNDED
20,F01A3,F,1,A,3,GROUNDED
20,F01B1,F,1,B,1,GROUNDED
20,F01C3,F,1,C,3,
40,F02A1,F,2,A,1,GROUNDED
40,F02A2,F,2,A,2,GROUNDED
40,F02B1,F,2,B,1,GROUNDED
40,F02B2,F,2,B,2,GROUNDED
40,F02B3,F,2,B,3,GROUNDED
40,F02C1,F,2,C,1,GROUNDED
40,F02C2,F,2,C,2,GROUNDED
40,F02C3,F,2,C,3,GROUNDED
20,F03A2,F,3,A,2,GROUNDED
20,F03A3,F,3,A,3,GROUNDED
20,F03B1,F,3,B,1,GROUNDED
20,F03B2,F,3,B,2,
20,F03B3,F,3,B,3,GROUNDED
20,F03C3,F,3,C,3,GROUNDED
20,F05A1,F,5,A,1,GROUNDED
20,F05A2,F,5,A,2,GROUNDED
20,F05B1,F,5,B,1,GROUNDED
20,F05B2,F,5,B,2,GROUNDED
20,F05B3,F,5,B,3,GROUNDED
20,F05C1,F,5,C,1,
20,F05C2,F,5,C,2,GROUNDED
20,F05C3,F,5,C,3,
20,F07B3,F,7,B,3,GROUNDED
20,F07C2,F,7,C,2,GROUNDED
20,F07C3,F,7,C,3,GROUNDED
20,G01C1,G,1,C,1,
20,G01C2,G,1,C,2,
20,G01C3,G,1,C,3,
20,G01D1,G,1,D,1,
20,G01D2,G,1,D,2,
20,G01D3,G,1,D,3,
40,G02C2,G,2,C,2,
40,G02D2,G,2,D,2,GROUNDED
40,G02D3,G,2,D,3,GROUNDED
20,G03C1,G,3,C,1,GROUNDED
20,G03C2,G,3,C,2,
20,G03C3,G,3,C,3,
20,G03D1,G,3,D,1,
20,G03D2,G,3,D,2,
20,G03D3,G,3,D,3,
20,G05B1,G,5,B,1,GROUNDED
20,G05B2,G,5,B,2,
20,G05B3,G,5,B,3,
20,G05C1,G,5,C,1,
20,G05C2,G,5,C,2,GROUNDED
20,G05C3,G,5,C,3,
20,G05D1,G,5,D,1,GROUNDED
20,G05D2,G,5,D,2,
20,G05D3,G,5,D,3,
40,G06B1,G,6,B,1,GROUNDED
40,G06B2,G,6,B,2,GROUNDED
40,G06B3,G,6,B,3,GROUNDED
40,G06C1,G,6,C,1,GROUNDED
40,G06C3,G,6,C,3,
40,G06D2,G,6,D,2,GROUNDED
40,G06D3,G,6,D,3,GROUNDED
20,G07B1,G,7,B,1,GROUNDED
20,G07B2,G,7,B,2,
20,G07B3,G,7,B,3,
20,G07C1,G,7,C,1,
20,G07C2,G,7,C,2,
20,G07C3,G,7,C,3,
20,G07D1,G,7,D,1,
20,G07D2,G,7,D,2,
20,G07D3,G,7,D,3,
20,G09B1,G,9,B,1,
20,G09B2,G,9,B,2,
20,G09B3,G,9,B,3,GROUNDED
20,G09C2,G,9,C,2,
20,G09C3,G,9,C,3,
20,G09D1,G,9,D,1,
20,G09D2,G,9,D,2,
20,G09D3,G,9,D,3,
40,G10B1,G,10,B,1,GROUNDED
40,G10B2,G,10,B,2,GROUNDED
40,G10B3,G,10,B,3,GROUNDED
40,G10C1,G,10,C,1,GROUNDED
40,G10C2,G,10,C,2,
40,G10C3,G,10,C,3,
40,G10D1,G,10,D,1,
40,G10D2,G,10,D,2,GROUNDED
20,G11B2,G,11,B,2,
20,G11B3,G,11,B,3,GROUNDED
20,G11C1,G,11,C,1,
20,G11C2,G,11,C,2,
20,G11C3,G,11,C,3,
20,G11D1,G,11,D,1,
20,G11D2,G,11,D,2,
20,G11D3,G,11,D,3,
20,G13B2,G,13,B,2,
20,G13B3,G,13,B,3,
20,G13C1,G,13,C,1,
20,G13C2,G,13,C,2,
20,G13C3,G,13,C,3,
20,G13D1,G,13,D,1,GROUNDED
20,G13D2,G,13,D,2,
20,G13D3,G,13,D,3,
40,G14B1,G,14,B,1,GROUNDED
40,G14B2,G,14,B,2,GROUNDED
40,G14B3,G,14,B,3,GROUNDED
40,G14C1,G,14,C,1,GROUNDED
40,G14C2,G,14,C,2,GROUNDED
40,G14C3,G,14,C,3,
40,G14D1,G,14,D,1,GROUNDED
40,G14D2,G,14,D,2,GROUNDED
40,G14D3,G,14,D,3,GROUNDED
20,G15B1,G,15,B,1,
20,G15B3,G,15,B,3,
20,G15C2,G,15,C,2,GROUNDED
20,G15C3,G,15,C,3,
20,G15D1,G,15,D,1,
20,G15D2,G,15,D,2,
20,G15D3,G,15,D,3,
20,G17B1,G,17,B,1,
20,G17B3,G,17,B,3,
20,G17C1,G,17,C,1,
20,G17C2,G,17,C,2,GROUNDED
20,G17C3,G,17,C,3,
20,G17D1,G,17,D,1,
20,G17D2,G,17,D,2,
20,G17D3,G,17,D,3,
40,G18B1,G,18,B,1,GROUNDED
40,G18B2,G,18,B,2,GROUNDED
40,G18C1,G,18,C,1,GROUNDED
40,G18C2,G,18,C,2,
40,G18D1,G,18,D,1,GROUNDED
40,G18D2,G,18,D,2,GROUNDED
40,G18D3,G,18,D,3,GROUNDED
20,G19B1,G,19,B,1,
20,G19B2,G,19,B,2,GROUNDED
20,G19B3,G,19,B,3,
20,G19C1,G,19,C,1,
20,G19C2,G,19,C,2,
20,G19C3,G,19,C,3,
20,G19D1,G,19,D,1,
20,G19D2,G,19,D,2,
20,G19D3,G,19,D,3,
20,G21B1,G,21,B,1,
20,G21B2,G,21,B,2,
20,G21B3,G,21,B,3,
20,G21C1,G,21,C,1,
20,G21D1,G,21,D,1,
20,G21D2,G,21,D,2,
20,G21D3,G,21,D,3,
40,G22B2,G,22,B,2,GROUNDED
40,G22B3,G,22,B,3,GROUNDED
40,G22C1,G,22,C,1,GROUNDED
40,G22C3,G,22,C,3,
40,G22D1,G,22,D,1,GROUNDED
40,G22D2,G,22,D,2,GROUNDED
40,G22D3,G,22,D,3,GROUNDED
20,G23B1,G,23,B,1,
20,G23B2,G,23,B,2,
20,G23C1,G,23,C,1,
20,G23C2,G,23,C,2,
20,G23C3,G,23,C,3,
20,G23D1,G,23,D,1,
20,G23D2,G,23,D,2,
20,G23D3,G,23,D,3,
20,G25B1,G,25,B,1,
20,G25B2,G,25,B,2,
20,G25B3,G,25,B,3,
20,G25C1,G,25,C,1,
20,G25C3,G,25,C,3,
20,G25D1,G,25,D,1,
20,G25D2,G,25,D,2,
20,G25D3,G,25,D,3,
40,G26B1,G,26,B,1,GROUNDED
40,G26B2,G,26,B,2,GROUNDED
40,G26C1,G,26,C,1,GROUNDED
40,G26C2,G,26,C,2,
40,G26D1,G,26,D,1,GROUNDED
40,G26D2,G,26,D,2,GROUNDED
40,G26D3,G,26,D,3,GROUNDED
20,G27B1,G,27,B,1,
20,G27B3,G,27,B,3,GROUNDED
20,G27C1,G,27,C,1,GROUNDED
20,G27C3,G,27,C,3,
20,G27D1,G,27,D,1,
20,G27D2,G,27,D,2,GROUNDED
20,G27D3,G,27,D,3,
20,H01A1,H,1,A,1,
20,H01A2,H,1,A,2,
20,H01A3,H,1,A,3,
20,H01B1,H,1,B,1,
20,H01B2,H,1,B,2,
20,H01B3,H,1,B,3,
20,H01C1,H,1,C,1,
20,H01C2,H,1,C,2,
20,H01C3,H,1,C,3,
40,H02A3,H,2,A,3,
40,H02B1,H,2,B,1,
40,H02B3,H,2,B,3,
40,H02C1,H,2,C,1,
40,H02C2,H,2,C,2,
40,H02C3,H,2,C,3,
20,H03A1,H,3,A,1,
20,H03A2,H,3,A,2,
20,H03A3,H,3,A,3,
20,H03B1,H,3,B,1,
20,H03B3,H,3,B,3,
20,H03C1,H,3,C,1,
20,H03C2,H,3,C,2,
20,H03C3,H,3,C,3,
20,H05A1,H,5,A,1,
20,H05A2,H,5,A,2,
20,H05A3,H,5,A,3,
20,H05B1,H,5,B,1,
20,H05B2,H,5,B,2,
20,H05B3,H,5,B,3,
20,H05C1,H,5,C,1,GROUNDED
20,H05C2,H,5,C,2,
20,H05C3,H,5,C,3,
40,H06A3,H,6,A,3,
40,H06B1,H,6,B,1,
40,H06B3,H,6,B,3,
40,H06C1,H,6,C,1,
40,H06C3,H,6,C,3,
20,H07A1,H,7,A,1,
20,H07A2,H,7,A,2,
20,H07A3,H,7,A,3,
20,H07B1,H,7,B,1,GROUNDED
20,H07B2,H,7,B,2,
20,H07B3,H,7,B,3,
20,H07C1,H,7,C,1,
20,H07C2,H,7,C,2,
20,H07C3,H,7,C,3,
20,H09A1,H,9,A,1,
20,H09A2,H,9,A,2,
20,H09B1,H,9,B,1,
20,H09B2,H,9,B,2,
20,H09B3,H,9,B,3,
20,H09C1,H,9,C,1,
20,H09C2,H,9,C,2,
20,H09C3,H,9,C,3,
40,H10A3,H,10,A,3,
40,H10B1,H,10,B,1,
40,H10B3,H,10,B,3,
40,H10C1,H,10,C,1,
40,H10C3,H,10,C,3,
20,H11A1,H,11,A,1,
20,H11A2,H,11,A,2,
20,H11A3,H,11,A,3,
20,H11B1,H,11,B,1,
20,H11B2,H,11,B,2,
20,H11B3,H,11,B,3,
20,H11C1,H,11,C,1,
20,H11C2,H,11,C,2,
20,H11C3,H,11,C,3,
20,H13A1,H,13,A,1,
20,H13A2,H,13,A,2,
20,H13A3,H,13,A,3,
20,H13B1,H,13,B,1,GROUNDED
20,H13B2,H,13,B,2,
20,H13C1,H,13,C,1,
20,H13C2,H,13,C,2,
20,H13C3,H,13,C,3,
20,H15A1,H,15,A,1,
20,H15A2,H,15,A,2,
20,H15A3,H,15,A,3,
20,H15B1,H,15,B,1,
20,H15B2,H,15,B,2,
20,H15B3,H,15,B,3,
20,H15C1,H,15,C,1,
20,H15C2,H,15,C,2,GROUNDED
20,H15C3,H,15,C,3,
20,H17A1,H,17,A,1,
20,H17A3,H,17,A,3,
20,H17B1,H,17,B,1,
20,H17B3,H,17,B,3,
20,H17C1,H,17,C,1,
20,H17C2,H,17,C,2,
20,H17C3,H,17,C,3,
20,H19A1,H,19,A,1,
20,H19A2,H,19,A,2,
20,H19A3,H,19,A,3,
20,H19B1,H,19,B,1,
20,H19B2,H,19,B,2,
20,H19B3,H,19,B,3,
20,H19C1,H,19,C,1,
20,H19C2,H,19,C,2,
20,H19C3,H,19,C,3,
20,J01A1,J,1,A,1,GROUNDED
20,J01A2,J,1,A,2,
20,J01B2,J,1,B,2,
20,J01B3,J,1,B,3,GROUNDED
20,J01C2,J,1,C,2,GROUNDED
20,J01C3,J,1,C,3,
20,J03A1,J,3,A,1,
20,J03A2,J,3,A,2,GROUNDED
20,J03A3,J,3,A,3,
20,J03B1,J,3,B,1,
20,J03B2,J,3,B,2,
20,J03C1,J,3,C,1,
20,J03C2,J,3,C,2,GROUNDED
20,J05A1,J,5,A,1,
20,J05A2,J,5,A,2,
20,J05B2,J,5,B,2,GROUNDED
20,J05B3,J,5,B,3,
20,J05C1,J,5,C,1,
20,J05C2,J,5,C,2,
20,J05C3,J,5,C,3,GROUNDED
20,J07B1,J,7,B,1,
20,J07C1,J,7,C,1,GROUNDED
20,J07C2,J,7,C,2,
20,J07C3,J,7,C,3,GROUNDED
20,J09A1,J,9,A,1,
20,J09A3,J,9,A,3,GROUNDED
20,J09B1,J,9,B,1,GROUNDED
20,J09B2,J,9,B,2,
20,J09B3,J,9,B,3,
20,J09C1,J,9,C,1,GROUNDED
20,J09C2,J,9,C,2,GROUNDED
20,J09C3,J,9,C,3,GROUNDED
20,J11A1,J,11,A,1,GROUNDED
20,J11A2,J,11,A,2,GROUNDED
20,J11B1,J,11,B,1,GROUNDED
20,J11B2,J,11,B,2,
20,J11B3,J,11,B,3,GROUNDED
20,J11C1,J,11,C,1,GROUNDED
20,J11C2,J,11,C,2,GROUNDED
20,J13A1,J,13,A,1,
20,J13A2,J,13,A,2,
20,J13B2,J,13,B,2,
20,J13B3,J,13,B,3,
20,J13C1,J,13,C,1,
20,J13C2,J,13,C,2,
20,J13C3,J,13,C,3,GROUNDED
20,J15A1,J,15,A,1,
20,J15A2,J,15,A,2,GROUNDED
20,J15B1,J,15,B,1,
20,J15B2,J,15,B,2,
20,J15C1,J,15,C,1,
20,J15C2,J,15,C,2,
20,K01C1,K,1,C,1,
20,K01C2,K,1,C,2,
20,K01C3,K,1,C,3,
20,K01D1,K,1,D,1,
20,K01D2,K,1,D,2,
20,K01D3,K,1,D,3,
20,K03A1,K,3,A,1,
20,K03A2,K,3,A,2,
20,K03A3,K,3,A,3,
20,K03B1,K,3,B,1,
20,K03B2,K,3,B,2,
20,K03B3,K,3,B,3,
20,K03C1,K,3,C,1,
20,K03C2,K,3,C,2,
20,K03C3,K,3,C,3,
20,K03D1,K,3,D,1,
20,K03D2,K,3,D,2,
20,K03D3,K,3,D,3,
20,K05A1,K,5,A,1,
20,K05A2,K,5,A,2,
20,K05A3,K,5,A,3,
20,K05B1,K,5,B,1,
20,K05B2,K,5,B,2,
20,K05B3,K,5,B,3,
20,K05C1,K,5,C,1,
20,K05C2,K,5,C,2,
20,K05C3,K,5,C,3,
20,K05D1,K,5,D,1,
20,K05D2,K,5,D,2,
20,K05D3,K,5,D,3,
20,K07A1,K,7,A,1,
20,K07A2,K,7,A,2,
20,K07A3,K,7,A,3,
20,K07B1,K,7,B,1,
20,K07B2,K,7,B,2,
20,K07B3,K,7,B,3,
20,K07C1,K,7,C,1,
20,K07C2,K,7,C,2,
20,K07C3,K,7,C,3,
20,K07D1,K,7,D,1,
20,K07D2,K,7,D,2,
20,K07D3,K,7,D,3,
20,M01A1,M,1,A,1,
20,M01A2,M,1,A,2,
20,M01A3,M,1,A,3,
20,M01B1,M,1,B,1,
20,M01B2,M,1,B,2,
20,M01B3,M,1,B,3,
20,M01C1,M,1,C,1,
20,M01C2,M,1,C,2,
20,M01C3,M,1,C,3,
20,M01D1,M,1,D,1,
20,M01D2,M,1,D,2,
20,M01D3,M,1,D,3,
20,M03A1,M,3,A,1,
20,M03A2,M,3,A,2,
20,M03A3,M,3,A,3,
20,M03B1,M,3,B,1,
20,M03B2,M,3,B,2,
20,M03B3,M,3,B,3,
20,M03C1,M,3,C,1,
20,M03C2,M,3,C,2,
20,M03C3,M,3,C,3,
20,M03D1,M,3,D,1,
20,M03D2,M,3,D,2,
20,M03D3,M,3,D,3,
20,M05A1,M,5,A,1,
20,M05A2,M,5,A,2,
20,M05A3,M,5,A,3,GROUNDED
20,M05B1,M,5,B,1,
20,M05B2,M,5,B,2,
20,M05B3,M,5,B,3,
20,M05C1,M,5,C,1,
20,M05C2,M,5,C,2,
20,M05C3,M,5,C,3,
20,M05D1,M,5,D,1,
20,M05D2,M,5,D,2,
20,M05D3,M,5,D,3,
20,F01B4,F,1,B,4,GROUNDED
20,F01C4,F,1,C,4,GROUNDED
20,F01D4,F,1,D,4,GROUNDED
20,F01E2,F,1,E,2,GROUNDED
20,F01E3,F,1,E,3,
20,F01E4,F,1,E,4,GROUNDED
20,F01F1,F,1,F,1,GROUNDED
20,F01F2,F,1,F,2,GROUNDED
20,F01F3,F,1,F,3,GROUNDED
20,F01F4,F,1,F,4,GROUNDED
40,F02A4,F,2,A,4,GROUNDED
40,F02B4,F,2,B,4,GROUNDED
40,F02C4,F,2,C,4,GROUNDED
40,F02D4,F,2,D,4,GROUNDED
40,F02E1,F,2,E,1,GROUNDED
40,F02E2,F,2,E,2,GROUNDED
40,F02E3,F,2,E,3,GROUNDED
40,F02E4,F,2,E,4,GROUNDED
40,F02F1,F,2,F,1,GROUNDED
40,F02F3,F,2,F,3,GROUNDED
40,F02F4,F,2,F,4,GROUNDED
20,F03A4,F,3,A,4,GROUNDED
20,F03B4,F,3,B,4,GROUNDED
20,F03C4,F,3,C,4,GROUNDED
20,F03E1,F,3,E,1,
20,F03E2,F,3,E,2,
20,F03E3,F,3,E,3,
20,F03E4,F,3,E,4,GROUNDED
20,F03F1,F,3,F,1,GROUNDED
20,F03F2,F,3,F,2,
20,F03F3,F,3,F,3,GROUNDED
20,F03F4,F,3,F,4,GROUNDED
20,F05A4,F,5,A,4,
20,F05C4,F,5,C,4,
20,F05D4,F,5,D,4,
20,F05E1,F,5,E,1,GROUNDED
20,F05E2,F,5,E,2,GROUNDED
20,F05E4,F,5,E,4,
20,F05F1,F,5,F,1,GROUNDED
20,F05F2,F,5,F,2,
20,F05F3,F,5,F,3,GROUNDED
20,F05F4,F,5,F,4,GROUNDED
40,F06A4,F,6,A,4,GROUNDED
40,F06B4,F,6,B,4,GROUNDED
40,F06D4,F,6,D,4,GROUNDED
40,F06E1,F,6,E,1,GROUNDED
40,F06E2,F,6,E,2,GROUNDED
40,F06E3,F,6,E,3,GROUNDED
40,F06F1,F,6,F,1,GROUNDED
40,F06F2,F,6,F,2,GROUNDED
40,F06F3,F,6,F,3,GROUNDED
40,F06F4,F,6,F,4,GROUNDED
20,F07D4,F,7,D,4,GROUNDED
20,F07E1,F,7,E,1,GROUNDED
20,F07E2,F,7,E,2,
20,F07E3,F,7,E,3,GROUNDED
20,F07F1,F,7,F,1,GROUNDED
20,F07F2,F,7,F,2,GROUNDED
20,F07F3,F,7,F,3,GROUNDED
20,F07F4,F,7,F,4,GROUNDED
20,F09A4,F,9,A,4,
20,F09E2,F,9,E,2,
20,F09E3,F,9,E,3,GROUNDED
20,F09E4,F,9,E,4,
20,F09F1,F,9,F,1,GROUNDED
20,F09F2,F,9,F,2,GROUNDED
20,F09F3,F,9,F,3,GROUNDED
20,F09F4,F,9,F,4,
40,F10A4,F,10,A,4,GROUNDED
40,F10B4,F,10,B,4,GROUNDED
40,F10C4,F,10,C,4,GROUNDED
40,F10D4,F,10,D,4,GROUNDED
40,F10E1,F,10,E,1,GROUNDED
40,F10E3,F,10,E,3,GROUNDED
40,F10E4,F,10,E,4,GROUNDED
40,F10F1,F,10,F,1,GROUNDED
20,F11A4,F,11,A,4,GROUNDED
20,F11C4,F,11,C,4,GROUNDED
20,F11D4,F,11,D,4,GROUNDED
20,F11E1,F,11,E,1,
20,F11E2,F,11,E,2,
20,F11E4,F,11,E,4,GROUNDED
20,F11F1,F,11,F,1,
20,F11F2,F,11,F,2,GROUNDED
20,F11F3,F,11,F,3,
20,F11F4,F,11,F,4,GROUNDED
20,F13A4,F,13,A,4,GROUNDED
20,F13D4,F,13,D,4,
20,F13E1,F,13,E,1,GROUNDED
20,F13E2,F,13,E,2,
20,F13E3,F,13,E,3,
20,F13E4,F,13,E,4,
20,F13F1,F,13,F,1,GROUNDED
20,F13F2,F,13,F,2,GROUNDED
20,F13F3,F,13,F,3,
20,F13F4,F,13,F,4,GROUNDED
40,F14A4,F,14,A,4,GROUNDED
40,F14B4,F,14,B,4,GROUNDED
40,F14C4,F,14,C,4,GROUNDED
40,F14D4,F,14,D,4,GROUNDED
40,F14E1,F,14,E,1,GROUNDED
40,F14E2,F,14,E,2,GROUNDED
40,F14E3,F,14,E,3,GROUNDED
40,F14E4,F,14,E,4,GROUNDED
40,F14F1,F,14,F,1,GROUNDED
40,F14F3,F,14,F,3,GROUNDED
40,F14F4,F,14,F,4,GROUNDED
20,F15A4,F,15,A,4,GROUNDED
20,F15B4,F,15,B,4,GROUNDED
20,F15C4,F,15,C,4,GROUNDED
20,F15E1,F,15,E,1,GROUNDED
20,F15E2,F,15,E,2,
20,F15E3,F,15,E,3,GROUNDED
20,F15F1,F,15,F,1,GROUNDED
20,F15F2,F,15,F,2,
20,F15F3,F,15,F,3,GROUNDED
20,F15F4,F,15,F,4,GROUNDED
20,F17C4,F,17,C,4,GROUNDED
20,F17D4,F,17,D,4,GROUNDED
20,F17E1,F,17,E,1,GROUNDED
20,F17E2,F,17,E,2,
20,F17E3,F,17,E,3,GROUNDED
20,F17E4,F,17,E,4,GROUNDED
20,F17F1,F,17,F,1,GROUNDED
20,F17F3,F,17,F,3,GROUNDED
20,F17F4,F,17,F,4,GROUNDED
40,F18A4,F,18,A,4,GROUNDED
40,F18B4,F,18,B,4,GROUNDED
40,F18C4,F,18,C,4,GROUNDED
40,F18E1,F,18,E,1,GROUNDED
40,F18E2,F,18,E,2,GROUNDED
40,F18E3,F,18,E,3,GROUNDED
40,F18E4,F,18,E,4,GROUNDED
40,F18F2,F,18,F,2,GROUNDED
40,F18F3,F,18,F,3,GROUNDED
40,F18F4,F,18,F,4,GROUNDED
20,F19A4,F,19,A,4,GROUNDED
20,F19B4,F,19,B,4,GROUNDED
20,F19D4,F,19,D,4,GROUNDED
20,F19E1,F,19,E,1,GROUNDED
20,F19E2,F,19,E,2,
20,F19E4,F,19,E,4,
20,F19F1,F,19,F,1,
20,F19F2,F,19,F,2,GROUNDED
20,F19F3,F,19,F,3,
20,F19F4,F,19,F,4,GROUNDED
20,F21A4,F,21,A,4,GROUNDED
20,F21B4,F,21,B,4,GROUNDED
20,F21D4,F,21,D,4,GROUNDED
20,F21E1,F,21,E,1,GROUNDED
20,F21E2,F,21,E,2,
20,F21E3,F,21,E,3,GROUNDED
20,F21E4,F,21,E,4,
20,F21F3,F,21,F,3,GROUNDED
20,F21F4,F,21,F,4,
40,F22A4,F,22,A,4,GROUNDED
40,F22C4,F,22,C,4,GROUNDED
40,F22D4,F,22,D,4,GROUNDED
40,F22E3,F,22,E,3,GROUNDED
40,F22E4,F,22,E,4,GROUNDED
40,F22F2,F,22,F,2,GROUNDED
40,F22F3,F,22,F,3,GROUNDED
40,F22F4,F,22,F,4,GROUNDED
20,F23A4,F,23,A,4,GROUNDED
20,F23C4,F,23,C,4,
20,F23E2,F,23,E,2,
20,F23E3,F,23,E,3,GROUNDED
20,F23E4,F,23,E,4,GROUNDED
20,F23F1,F,23,F,1,
20,F23F2,F,23,F,2,
20,F23F3,F,23,F,3,GROUNDED
20,F23F4,F,23,F,4,GROUNDED
20,F25A4,F,25,A,4,
20,F25B4,F,25,B,4,GROUNDED
20,F25C4,F,25,C,4,GROUNDED
20,F25E1,F,25,E,1,GROUNDED
20,F25E2,F,25,E,2,
20,F25E4,F,25,E,4,GROUNDED
20,F25F1,F,25,F,1,
20,F25F2,F,25,F,2,
20,F25F3,F,25,F,3,
20,F25F4,F,25,F,4,GROUNDED
40,F26A4,F,26,A,4,GROUNDED
40,F26B4,F,26,B,4,GROUNDED
40,F26D4,F,26,D,4,GROUNDED
40,F26E2,F,26,E,2,GROUNDED
40,F26E4,F,26,E,4,GROUNDED
40,F26F1,F,26,F,1,GROUNDED
40,F26F3,F,26,F,3,GROUNDED
40,F26F4,F,26,F,4,GROUNDED
20,F27A4,F,27,A,4,
20,F27B4,F,27,B,4,GROUNDED
20,F27C4,F,27,C,4,
20,F27D4,F,27,D,4,GROUNDED
20,F27E1,F,27,E,1,
20,F27E2,F,27,E,2,
20,F27E3,F,27,E,3,GROUNDED
20,F27E4,F,27,E,4,
20,F27F1,F,27,F,1,GROUNDED
20,F27F2,F,27,F,2,
20,F27F4,F,27,F,4,
20,G01B4,G,1,B,4,
20,G01C4,G,1,C,4,
20,G01D4,G,1,D,4,
20,G01E1,G,1,E,1,
20,G01E2,G,1,E,2,
20,G01E3,G,1,E,3,
20,G01E4,G,1,E,4,
20,G01F1,G,1,F,1,
20,G01F2,G,1,F,2,GROUNDED
20,G01F3,G,1,F,3,GROUNDED
20,G01F4,G,1,F,4,
40,G02A4,G,2,A,4,GROUNDED
40,G02B4,G,2,B,4,GROUNDED
40,G02D4,G,2,D,4,GROUNDED
40,G02E1,G,2,E,1,GROUNDED
40,G02E2,G,2,E,2,GROUNDED
40,G02E3,G,2,E,3,GROUNDED
20,G03A4,G,3,A,4,
20,G03B4,G,3,B,4,
20,G03C4,G,3,C,4,GROUNDED
20,G03D4,G,3,D,4,
20,G03E1,G,3,E,1,GROUNDED
20,G03E2,G,3,E,2,
20,G03E3,G,3,E,3,
20,G03E4,G,3,E,4,
20,G03F2,G,3,F,2,
20,G03F3,G,3,F,3,
20,G05A4,G,5,A,4,GROUNDED
20,G05B4,G,5,B,4,
20,G05C4,G,5,C,4,
20,G05D4,G,5,D,4,
20,G05E1,G,5,E,1,
20,G05E2,G,5,E,2,
20,G05E4,G,5,E,4,GROUNDED
20,G05F2,G,5,F,2,
20,G05F3,G,5,F,3,
20,G05F4,G,5,F,4,
40,G06B4,G,6,B,4,GROUNDED
40,G06C4,G,6,C,4,
40,G06D4,G,6,D,4,GROUNDED
40,G06E1,G,6,E,1,GROUNDED
40,G06E3,G,6,E,3,GROUNDED
40,G06E4,G,6,E,4,
20,G07A4,G,7,A,4,
20,G07B4,G,7,B,4,GROUNDED
20,G07D4,G,7,D,4,
20,G07E1,G,7,E,1,
20,G07E2,G,7,E,2,GROUNDED
20,G07E3,G,7,E,3,
20,G07E4,G,7,E,4,
20,G07F1,G,7,F,1,
20,G07F2,G,7,F,2,
20,G07F3,G,7,F,3,
20,G07F4,G,7,F,4,
20,G09A4,G,9,A,4,GROUNDED
20,G09B4,G,9,B,4,
20,G09C4,G,9,C,4,
20,G09D4,G,9,D,4,
20,G09E1,G,9,E,1,
20,G09E2,G,9,E,2,
20,G09E3,G,9,E,3,GROUNDED
20,G09E4,G,9,E,4,
20,G09F1,G,9,F,1,
20,G09F2,G,9,F,2,
20,G09F3,G,9,F,3,
20,G09F4,G,9,F,4,
40,G10A4,G,10,A,4,GROUNDED
40,G10C4,G,10,C,4,
40,G10E1,G,10,E,1,GROUNDED
40,G10E3,G,10,E,3,GROUNDED
40,G10E4,G,10,E,4,
20,G11A4,G,11,A,4,
20,G11B4,G,11,B,4,
20,G11C4,G,11,C,4,
20,G11D4,G,11,D,4,
20,G11E1,G,11,E,1,
20,G11E2,G,11,E,2,
20,G11E3,G,11,E,3,
20,G11E4,G,11,E,4,
20,G11F1,G,11,F,1,
20,G11F2,G,11,F,2,
20,G11F3,G,11,F,3,
20,G11F4,G,11,F,4,
20,G13A4,G,13,A,4,GROUNDED
20,G13B4,G,13,B,4,
20,G13C4,G,13,C,4,
20,G13D4,G,13,D,4,
20,G13E1,G,13,E,1,
20,G13E2,G,13,E,2,
20,G13E3,G,13,E,3,
20,G13E4,G,13,E,4,GROUNDED
20,G13F1,G,13,F,1,
20,G13F2,G,13,F,2,
20,G13F3,G,13,F,3,
40,G14A4,G,14,A,4,GROUNDED
40,G14B4,G,14,B,4,GROUNDED
40,G14D4,G,14,D,4,GROUNDED
40,G14E1,G,14,E,1,GROUNDED
40,G14E2,G,14,E,2,GROUNDED
40,G14E3,G,14,E,3,GROUNDED
40,G14E4,G,14,E,4,
20,G15A4,G,15,A,4,
20,G15B4,G,15,B,4,
20,G15C4,G,15,C,4,
20,G15D4,G,15,D,4,
20,G15E1,G,15,E,1,
20,G15E2,G,15,E,2,
20,G15E3,G,15,E,3,
20,G15E4,G,15,E,4,
20,G15F2,G,15,F,2,
20,G15F3,G,15,F,3,GROUNDED
20,G15F4,G,15,F,4,
20,G17A4,G,17,A,4,
20,G17B4,G,17,B,4,GROUNDED
20,G17C4,G,17,C,4,
20,G17D4,G,17,D,4,
20,G17E2,G,17,E,2,GROUNDED
20,G17E3,G,17,E,3,GROUNDED
20,G17F1,G,17,F,1,
20,G17F2,G,17,F,2,
20,G17F3,G,17,F,3,
40,G18A4,G,18,A,4,GROUNDED
40,G18C4,G,18,C,4,GROUNDED
40,G18D4,G,18,D,4,GROUNDED
40,G18E1,G,18,E,1,GROUNDED
40,G18E2,G,18,E,2,GROUNDED
40,G18E3,G,18,E,3,GROUNDED
20,G19A4,G,19,A,4,
20,G19B4,G,19,B,4,GROUNDED
20,G19C4,G,19,C,4,
20,G19D4,G,19,D,4,
20,G19E1,G,19,E,1,
20,G19E2,G,19,E,2,
20,G19E3,G,19,E,3,
20,G19E4,G,19,E,4,
20,G19F1,G,19,F,1,
20,G19F2,G,19,F,2,
20,G19F3,G,19,F,3,
20,G19F4,G,19,F,4,
20,G21A4,G,21,A,4,
20,G21B4,G,21,B,4,
20,G21C4,G,21,C,4,
20,G21D4,G,21,D,4,
20,G21E1,G,21,E,1,
20,G21E2,G,21,E,2,
20,G21E3,G,21,E,3,GROUNDED
20,G21E4,G,21,E,4,
20,G21F1,G,21,F,1,GROUNDED
20,G21F2,G,21,F,2,
20,G21F3,G,21,F,3,
20,G21F4,G,21,F,4,
40,G22A4,G,22,A,4,GROUNDED
40,G22B4,G,22,B,4,GROUNDED
40,G22C4,G,22,C,4,GROUNDED
40,G22D4,G,22,D,4,GROUNDED
40,G22E1,G,22,E,1,GROUNDED
40,G22E2,G,22,E,2,GROUNDED
40,G22E3,G,22,E,3,GROUNDED
40,G22E4,G,22,E,4,
40,G22F2,G,22,F,2,GROUNDED
20,G23A4,G,23,A,4,
20,G23B4,G,23,B,4,GROUNDED
20,G23C4,G,23,C,4,
20,G23D4,G,23,D,4,
20,G23E2,G,23,E,2,
20,G23E3,G,23,E,3,
20,G23E4,G,23,E,4,
20,G23F1,G,23,F,1,
20,G23F4,G,23,F,4,
20,G25A4,G,25,A,4,
20,G25B4,G,25,B,4,GROUNDED
20,G25C4,G,25,C,4,
20,G25D4,G,25,D,4,
20,G25E1,G,25,E,1,
20,G25E2,G,25,E,2,
20,G25E3,G,25,E,3,
20,G25E4,G,25,E,4,
20,G25F1,G,25,F,1,GROUNDED
20,G25F2,G,25,F,2,
20,G25F3,G,25,F,3,
20,G25F4,G,25,F,4,
40,G26A4,G,26,A,4,GROUNDED
40,G26B4,G,26,B,4,GROUNDED
40,G26C4,G,26,C,4,
40,G26D4,G,26,D,4,GROUNDED
40,G26E1,G,26,E,1,GROUNDED
40,G26E2,G,26,E,2,GROUNDED
40,G26E3,G,26,E,3,GROUNDED
40,G26E4,G,26,E,4,
20,G27A4,G,27,A,4,
20,G27B4,G,27,B,4,
20,G27C4,G,27,C,4,
20,G27D4,G,27,D,4,
20,G27E1,G,27,E,1,
20,G27E2,G,27,E,2,
20,G27E3,G,27,E,3,
20,G27E4,G,27,E,4,
20,G27F1,G,27,F,1,
20,G27F2,G,27,F,2,
20,G27F3,G,27,F,3,
20,G27F4,G,27,F,4,
20,H01A4,H,1,A,4,
20,H01B4,H,1,B,4,
20,H01C4,H,1,C,4,
20,H01D1,H,1,D,1,
20,H01D2,H,1,D,2,
20,H01D3,H,1,D,3,
20,H01D4,H,1,D,4,
20,H01E1,H,1,E,1,
20,H01E2,H,1,E,2,
20,H01E3,H,1,E,3,
20,H01E4,H,1,E,4,
20,H01F1,H,1,F,1,
20,H01F2,H,1,F,2,
20,H01F3,H,1,F,3,
20,H01F4,H,1,F,4,
40,H02A4,H,2,A,4,
40,H02C4,H,2,C,4,
40,H02D1,H,2,D,1,
40,H02D2,H,2,D,2,
40,H02D3,H,2,D,3,
40,H02D4,H,2,D,4,
40,H02E1,H,2,E,1,
40,H02E2,H,2,E,2,
40,H02E3,H,2,E,3,
40,H02E4,H,2,E,4,
40,H02F1,H,2,F,1,
40,H02F2,H,2,F,2,GROUNDED
40,H02F3,H,2,F,3,
40,H02F4,H,2,F,4,
20,H03A4,H,3,A,4,
20,H03B4,H,3,B,4,
20,H03D1,H,3,D,1,
20,H03D2,H,3,D,2,
20,H03D3,H,3,D,3,
20,H03D4,H,3,D,4,
20,H03E1,H,3,E,1,
20,H03E2,H,3,E,2,
20,H03E3,H,3,E,3,
20,H03E4,H,3,E,4,
20,H03F1,H,3,F,1,
20,H03F2,H,3,F,2,
20,H03F3,H,3,F,3,
20,H03F4,H,3,F,4,
20,H05A4,H,5,A,4,
20,H05B4,H,5,B,4,
20,H05C4,H,5,C,4,
20,H05D1,H,5,D,1,
20,H05D2,H,5,D,2,
20,H05D3,H,5,D,3,
20,H05D4,H,5,D,4,
20,H05E1,H,5,E,1,
20,H05E2,H,5,E,2,
20,H05E3,H,5,E,3,
20,H05E4,H,5,E,4,
20,H05F1,H,5,F,1,
20,H05F2,H,5,F,2,
20,H05F3,H,5,F,3,
40,H06A4,H,6,A,4,
40,H06B4,H,6,B,4,
40,H06C4,H,6,C,4,
40,H06D1,H,6,D,1,
40,H06D2,H,6,D,2,
40,H06D3,H,6,D,3,
40,H06D4,H,6,D,4,
40,H06E1,H,6,E,1,
40,H06E2,H,6,E,2,
40,H06E3,H,6,E,3,
40,H06E4,H,6,E,4,
40,H06F1,H,6,F,1,
40,H06F2,H,6,F,2,
40,H06F3,H,6,F,3,
40,H06F4,H,6,F,4,
20,H07A4,H,7,A,4,
20,H07B4,H,7,B,4,
20,H07C4,H,7,C,4,
20,H07D1,H,7,D,1,
20,H07D2,H,7,D,2,
20,H07D3,H,7,D,3,
20,H07D4,H,7,D,4,
20,H07E1,H,7,E,1,
20,H07E2,H,7,E,2,
20,H07E3,H,7,E,3,
20,H07F1,H,7,F,1,
20,H07F2,H,7,F,2,
20,H07F3,H,7,F,3,
20,H07F4,H,7,F,4,
20,H09A4,H,9,A,4,
20,H09B4,H,9,B,4,
20,H09C4,H,9,C,4,
20,H09D1,H,9,D,1,
20,H09D2,H,9,D,2,
20,H09D3,H,9,D,3,
20,H09D4,H,9,D,4,
20,H09E1,H,9,E,1,
20,H09E2,H,9,E,2,
20,H09E3,H,9,E,3,
20,H09E4,H,9,E,4,
20,H09F1,H,9,F,1,
20,H09F2,H,9,F,2,
20,H09F3,H,9,F,3,
20,H09F4,H,9,F,4,
40,H10A4,H,10,A,4,
40,H10B4,H,10,B,4,
40,H10C4,H,10,C,4,
40,H10D1,H,10,D,1,
40,H10D2,H,10,D,2,
40,H10D3,H,10,D,3,
40,H10D4,H,10,D,4,
40,H10E1,H,10,E,1,
40,H10E2,H,10,E,2,
40,H10E3,H,10,E,3,
40,H10E4,H,10,E,4,
40,H10F1,H,10,F,1,
40,H10F2,H,10,F,2,
40,H10F3,H,10,F,3,
20,H11A4,H,11,A,4,
20,H11B4,H,11,B,4,
20,H11C4,H,11,C,4,
20,H11D1,H,11,D,1,
20,H11D2,H,11,D,2,
20,H11D3,H,11,D,3,
20,H11D4,H,11,D,4,
20,H11E1,H,11,E,1,
20,H11E2,H,11,E,2,
20,H11E3,H,11,E,3,
20,H11E4,H,11,E,4,
20,H11F1,H,11,F,1,
20,H11F2,H,11,F,2,
20,H11F3,H,11,F,3,
20,H11F4,H,11,F,4,GROUNDED
20,H13A4,H,13,A,4,
20,H13B4,H,13,B,4,
20,H13C4,H,13,C,4,
20,H13D1,H,13,D,1,
20,H13D2,H,13,D,2,
20,H13D3,H,13,D,3,
20,H13D4,H,13,D,4,
20,H13E1,H,13,E,1,
20,H13E2,H,13,E,2,
20,H13E3,H,13,E,3,
20,H13E4,H,13,E,4,
20,H13F1,H,13,F,1,
20,H13F2,H,13,F,2,
20,H13F3,H,13,F,3,
20,H13F4,H,13,F,4,
40,H14A4,H,14,A,4,
40,H14B4,H,14,B,4,
40,H14C4,H,14,C,4,
40,H14D1,H,14,D,1,
40,H14D2,H,14,D,2,
40,H14D3,H,14,D,3,
40,H14D4,H,14,D,4,
40,H14E1,H,14,E,1,
40,H14E2,H,14,E,2,
40,H14E3,H,14,E,3,
40,H14E4,H,14,E,4,
40,H14F1,H,14,F,1,
40,H14F2,H,14,F,2,
40,H14F3,H,14,F,3,
40,H14F4,H,14,F,4,
20,H15A4,H,15,A,4,
20,H15B4,H,15,B,4,
20,H15C4,H,15,C,4,
20,H15D1,H,15,D,1,
20,H15D2,H,15,D,2,
20,H15D3,H,15,D,3,
20,H15D4,H,15,D,4,
20,H15E1,H,15,E,1,
20,H15E3,H,15,E,3,
20,H15E4,H,15,E,4,
20,H15F1,H,15,F,1,
20,H15F2,H,15,F,2,
20,H15F3,H,15,F,3,
20,H15F4,H,15,F,4,
20,H17A4,H,17,A,4,
20,H17B4,H,17,B,4,
20,H17C4,H,17,C,4,
20,H17D1,H,17,D,1,
20,H17D2,H,17,D,2,
20,H17D3,H,17,D,3,
20,H17D4,H,17,D,4,
20,H17E1,H,17,E,1,
20,H17E2,H,17,E,2,
20,H17E3,H,17,E,3,
20,H17E4,H,17,E,4,
20,H17F1,H,17,F,1,
20,H17F2,H,17,F,2,
20,H17F4,H,17,F,4,
40,H18A4,H,18,A,4,
40,H18B4,H,18,B,4,
40,H18C4,H,18,C,4,
40,H18D1,H,18,D,1,
40,H18D2,H,18,D,2,
40,H18D3,H,18,D,3,
40,H18D4,H,18,D,4,
40,H18E1,H,18,E,1,
40,H18E2,H,18,E,2,
40,H18E3,H,18,E,3,
40,H18E4,H,18,E,4,
40,H18F1,H,18,F,1,
40,H18F2,H,18,F,2,
40,H18F3,H,18,F,3,
40,H18F4,H,18,F,4,
20,H19A4,H,19,A,4,
20,H19B4,H,19,B,4,
20,H19C4,H,19,C,4,
20,H19D1,H,19,D,1,
20,H19D2,H,19,D,2,
20,H19D3,H,19,D,3,
20,H19D4,H,19,D,4,
20,H19E1,H,19,E,1,
20,H19E2,H,19,E,2,
20,C01D2,C,1,D,2,GROUNDED
40,C02D1,C,2,D,1,GROUNDED
20,C05A3,C,5,A,3,GROUNDED
20,C05B3,C,5,B,3,GROUNDED
20,C05D3,C,5,D,3,GROUNDED
40,C06A2,C,6,A,2,GROUNDED
40,C06B3,C,6,B,3,GROUNDED
40,C06C1,C,6,C,1,
40,C06C2,C,6,C,2,
40,C06C3,C,6,C,3,
40,C06D2,C,6,D,2,
40,C06D3,C,6,D,3,
20,C07A1,C,7,A,1,GROUNDED
20,C07A3,C,7,A,3,GROUNDED
20,C09A3,C,9,A,3,GROUNDED
20,C09D1,C,9,D,1,
20,C09D2,C,9,D,2,GROUNDED
40,C10A2,C,10,A,2,GROUNDED
40,C10A3,C,10,A,3,GROUNDED
40,C10B1,C,10,B,1,GROUNDED
40,C10C1,C,10,C,1,
40,C10D1,C,10,D,1,
40,C10D2,C,10,D,2,
40,C10D3,C,10,D,3,
20,C11A2,C,11,A,2,GROUNDED
20,C11C2,C,11,C,2,GROUNDED
20,C13B1,C,13,B,1,GROUNDED
20,C13B3,C,13,B,3,GROUNDED
20,C13D2,C,13,D,2,GROUNDED
40,C14A3,C,14,A,3,GROUNDED
40,C14B2,C,14,B,2,GROUNDED
40,C14B3,C,14,B,3,GROUNDED
40,C14C1,C,14,C,1,GROUNDED
40,C14C2,C,14,C,2,GROUNDED
40,C14C3,C,14,C,3,
40,C14D1,C,14,D,1,
40,C14D2,C,14,D,2,
20,C15C1,C,15,C,1,GROUNDED
20,C17A1,C,17,A,1,GROUNDED
20,C17D3,C,17,D,3,GROUNDED
40,C18B2,C,18,B,2,
40,C18B3,C,18,B,3,
40,C18D1,C,18,D,1,
40,C18D2,C,18,D,2,
40,C18D3,C,18,D,3,
20,C19A2,C,19,A,2,GROUNDED
20,C19C1,C,19,C,1,GROUNDED
20,C19D1,C,19,D,1,GROUNDED
20,C21A1,C,21,A,1,GROUNDED
20,C21B3,C,21,B,3,GROUNDED
20,C21D1,C,21,D,1,GROUNDED
20,C21D2,C,21,D,2,GROUNDED
40,C22A1,C,22,A,1,GROUNDED
40,C22A3,C,22,A,3,GROUNDED
40,C22B1,C,22,B,1,
40,C22B3,C,22,B,3,
40,C22C1,C,22,C,1,GROUNDED
40,C22C2,C,22,C,2,GROUNDED
40,C22C3,C,22,C,3,GROUNDED
40,C22D1,C,22,D,1,
40,C22D2,C,22,D,2,
40,C22D3,C,22,D,3,
20,C23D2,C,23,D,2,GROUNDED
20,C23D3,C,23,D,3,
20,C25A2,C,25,A,2,GROUNDED
20,C25C2,C,25,C,2,GROUNDED
20,C25C3,C,25,C,3,GROUNDED
40,C26A1,C,26,A,1,GROUNDED
40,C26A3,C,26,A,3,GROUNDED
40,C26B2,C,26,B,2,
40,C26C1,C,26,C,1,GROUNDED
40,C26D2,C,26,D,2,
20,C27A1,C,27,A,1,GROUNDED
20,C27A2,C,27,A,2,GROUNDED
20,C27A3,C,27,A,3,GROUNDED
20,C27B1,C,27,B,1,GROUNDED
20,C27C3,C,27,C,3,GROUNDED
20,C27D3,C,27,D,3,GROUNDED
20,D01C2,D,1,C,2,GROUNDED
40,D02A1,D,2,A,1,
40,D02A2,D,2,A,2,
40,D02A3,D,2,A,3,
40,D02B1,D,2,B,1,
40,D02B2,D,2,B,2,
40,D02C1,D,2,C,1,
40,D02C2,D,2,C,2,GROUNDED
40,D02C3,D,2,C,3,
40,D02D1,D,2,D,1,
40,D02D2,D,2,D,2,
40,D02D3,D,2,D,3,
20,D03C3,D,3,C,3,GROUNDED
20,D05C1,D,5,C,1,GROUNDED
20,D05D1,D,5,D,1,GROUNDED
40,D06A1,D,6,A,1,
40,D06A2,D,6,A,2,
40,D06A3,D,6,A,3,
40,D06B1,D,6,B,1,
40,D06B2,D,6,B,2,
40,D06C1,D,6,C,1,
40,D06C2,D,6,C,2,
40,D06C3,D,6,C,3,
40,D06D1,D,6,D,1,
40,D06D2,D,6,D,2,GROUNDED
40,D06D3,D,6,D,3,
20,D07C2,D,7,C,2,GROUNDED
20,D07D1,D,7,D,1,GROUNDED
20,D07D2,D,7,D,2,
20,D07D3,D,7,D,3,GROUNDED
20,D09C1,D,9,C,1,GROUNDED
20,D09C2,D,9,C,2,GROUNDED
20,D09C3,D,9,C,3,GROUNDED
20,D09D3,D,9,D,3,GROUNDED
40,D10A1,D,10,A,1,
40,D10A2,D,10,A,2,
40,D10A3,D,10,A,3,
40,D10B1,D,10,B,1,
40,D10B2,D,10,B,2,
40,D10B3,D,10,B,3,
40,D10C1,D,10,C,1,
40,D10C2,D,10,C,2,
40,D10C3,D,10,C,3,
40,D10D1,D,10,D,1,
40,D10D2,D,10,D,2,
40,D10D3,D,10,D,3,GROUNDED
20,D11C1,D,11,C,1,
20,D11C2,D,11,C,2,
20,D11C3,D,11,C,3,GROUNDED
20,D11D1,D,11,D,1,
20,D11D2,D,11,D,2,
20,D11D3,D,11,D,3,
20,D13A3,D,13,A,3,
20,D13B1,D,13,B,1,GROUNDED
20,D13B2,D,13,B,2,
20,D13B3,D,13,B,3,
20,D13C1,D,13,C,1,
20,D13C2,D,13,C,2,
20,D13D1,D,13,D,1,
20,D13D2,D,13,D,2,
20,D13D3,D,13,D,3,
40,D14A1,D,14,A,1,
40,D14A2,D,14,A,2,
40,D14A3,D,14,A,3,
40,D14B1,D,14,B,1,
40,D14B2,D,14,B,2,
40,D14B3,D,14,B,3,
40,D14C1,D,14,C,1,
40,D14C2,D,14,C,2,
40,D14C3,D,14,C,3,
40,D14D1,D,14,D,1,
40,D14D2,D,14,D,2,
40,D14D3,D,14,D,3,
20,D15A1,D,15,A,1,GROUNDED
20,D15A2,D,15,A,2,GROUNDED
20,D15B2,D,15,B,2,
20,D15B3,D,15,B,3,
20,D15C1,D,15,C,1,
20,D15C2,D,15,C,2,
20,D15C3,D,15,C,3,
20,D15D1,D,15,D,1,
20,D15D2,D,15,D,2,
20,D17A1,D,17,A,1,GROUNDED
20,D17A2,D,17,A,2,GROUNDED
20,D17A3,D,17,A,3,
20,D17B2,D,17,B,2,
20,D17B3,D,17,B,3,
20,D17C1,D,17,C,1,
20,D17C3,D,17,C,3,
20,D17D1,D,17,D,1,
20,D17D2,D,17,D,2,
40,D18A1,D,18,A,1,
40,D18A2,D,18,A,2,
40,D18A3,D,18,A,3,
40,D18B1,D,18,B,1,
40,D18B2,D,18,B,2,
40,D18B3,D,18,B,3,
40,D18C1,D,18,C,1,
40,D18C2,D,18,C,2,
40,D18C3,D,18,C,3,
40,D18D1,D,18,D,1,
40,D18D2,D,18,D,2,
40,D18D3,D,18,D,3,
20,D19A1,D,19,A,1,GROUNDED
20,D19A3,D,19,A,3,GROUNDED
20,D19B1,D,19,B,1,
20,D19B2,D,19,B,2,
20,D19C1,D,19,C,1,
20,D19C2,D,19,C,2,
20,D19C3,D,19,C,3,
20,D19D1,D,19,D,1,
20,D19D2,D,19,D,2,
20,D21A2,D,21,A,2,
20,D21A3,D,21,A,3,
20,D21B2,D,21,B,2,
20,D21B3,D,21,B,3,
20,D21C1,D,21,C,1,
20,D21C2,D,21,C,2,
20,D21C3,D,21,C,3,
20,D21D1,D,21,D,1,
20,D21D2,D,21,D,2,
20,D21D3,D,21,D,3,
40,D22A1,D,22,A,1,
40,D22A2,D,22,A,2,
40,D22A3,D,22,A,3,
40,D22B1,D,22,B,1,
40,D22B2,D,22,B,2,
40,D22B3,D,22,B,3,
40,D22C1,D,22,C,1,
40,D22C2,D,22,C,2,
40,D22C3,D,22,C,3,
40,D22D1,D,22,D,1,
40,D22D2,D,22,D,2,
40,D22D3,D,22,D,3,
20,D23A1,D,23,A,1,GROUNDED
20,D23A2,D,23,A,2,GROUNDED
20,D23A3,D,23,A,3,GROUNDED
20,D23B1,D,23,B,1,
20,D23B2,D,23,B,2,
20,D23B3,D,23,B,3,
20,D23C1,D,23,C,1,
20,D23C2,D,23,C,2,
20,D23C3,D,23,C,3,
20,D23D1,D,23,D,1,
20,D23D2,D,23,D,2,
20,D23D3,D,23,D,3,
20,D25A1,D,25,A,1,GROUNDED
20,D25A2,D,25,A,2,GROUNDED
20,D25A3,D,25,A,3,GROUNDED
20,D25B1,D,25,B,1,
20,D25B2,D,25,B,2,
20,D25B3,D,25,B,3,
20,D25C1,D,25,C,1,
20,D25C3,D,25,C,3,
20,D25D1,D,25,D,1,
20,D25D2,D,25,D,2,
20,D25D3,D,25,D,3,
40,D26A1,D,26,A,1,
40,D26A2,D,26,A,2,
40,D26A3,D,26,A,3,
40,D26B1,D,26,B,1,
40,D26B2,D,26,B,2,
40,D26B3,D,26,B,3,
40,D26C1,D,26,C,1,
40,D26C2,D,26,C,2,
40,D26C3,D,26,C,3,
40,D26D1,D,26,D,1,
40,D26D2,D,26,D,2,
40,D26D3,D,26,D,3,
20,D27A1,D,27,A,1,GROUNDED
20,D27A2,D,27,A,2,
20,D27A3,D,27,A,3,
20,D27B1,D,27,B,1,
20,D27B2,D,27,B,2,
20,D27B3,D,27,B,3,
20,D27C1,D,27,C,1,
20,D27C2,D,27,C,2,
20,D27D1,D,27,D,1,
20,D27D2,D,27,D,2,
20,D27D3,D,27,D,3,
20,E01A1,E,1,A,1,
20,E01A2,E,1,A,2,
20,E01A3,E,1,A,3,
20,E01B1,E,1,B,1,
20,E01B2,E,1,B,2,
20,E01B3,E,1,B,3,
20,E01C1,E,1,C,1,
20,E01C2,E,1,C,2,
20,E01C3,E,1,C,3,GROUNDED
20,E01D1,E,1,D,1,
20,E01D2,E,1,D,2,
20,E01D3,E,1,D,3,
40,E02A1,E,2,A,1,
40,E02A2,E,2,A,2,
40,E02B3,E,2,B,3,
40,E02C1,E,2,C,1,
40,E02C2,E,2,C,2,
40,E02C3,E,2,C,3,
40,E02D1,E,2,D,1,
40,E02D2,E,2,D,2,
20,E03A1,E,3,A,1,
20,E03A2,E,3,A,2,
20,E03B1,E,3,B,1,
20,E03B2,E,3,B,2,
20,E03B3,E,3,B,3,
20,E03C1,E,3,C,1,
20,E03C2,E,3,C,2,
20,E03C3,E,3,C,3,
20,E03D1,E,3,D,1,
20,E03D2,E,3,D,2,
20,E03D3,E,3,D,3,
20,E05A1,E,5,A,1,
20,E05A2,E,5,A,2,
20,E05A3,E,5,A,3,
20,E05B1,E,5,B,1,GROUNDED
20,E05B2,E,5,B,2,
20,E05B3,E,5,B,3,
20,E05C1,E,5,C,1,
20,E05C2,E,5,C,2,
20,E05C3,E,5,C,3,
20,E05D1,E,5,D,1,
20,E05D2,E,5,D,2,
20,E05D3,E,5,D,3,
40,E06A1,E,6,A,1,
40,E06A2,E,6,A,2,
40,E06A3,E,6,A,3,
40,E06B3,E,6,B,3,
40,E06C1,E,6,C,1,
40,E06C2,E,6,C,2,
40,E06C3,E,6,C,3,
40,E06D1,E,6,D,1,
20,E07A1,E,7,A,1,
20,E07A2,E,7,A,2,
20,E07A3,E,7,A,3,
20,E07B2,E,7,B,2,
20,E07B3,E,7,B,3,
20,E07C1,E,7,C,1,GROUNDED
20,E07C2,E,7,C,2,
20,E07C3,E,7,C,3,
20,E07D1,E,7,D,1,
20,E07D2,E,7,D,2,
20,E07D3,E,7,D,3,
20,E09A1,E,9,A,1,
20,E09A2,E,9,A,2,
20,E09A3,E,9,A,3,
20,E09B1,E,9,B,1,
20,E09B2,E,9,B,2,
20,E09B3,E,9,B,3,
20,E09C1,E,9,C,1,
20,E09C2,E,9,C,2,
20,E09C3,E,9,C,3,
20,E09D1,E,9,D,1,
20,E09D2,E,9,D,2,
20,E09D3,E,9,D,3,
40,E10A1,E,10,A,1,
40,E10A2,E,10,A,2,
40,E10A3,E,10,A,3,
40,E10B2,E,10,B,2,
40,E10B3,E,10,B,3,
40,E10C1,E,10,C,1,
40,E10C2,E,10,C,2,
40,E10C3,E,10,C,3,
40,E10D1,E,10,D,1,
40,E10D2,E,10,D,2,
20,E11A1,E,11,A,1,
20,E11A2,E,11,A,2,
20,E11A3,E,11,A,3,
20,E11B1,E,11,B,1,
20,E11B2,E,11,B,2,
20,E11B3,E,11,B,3,
20,E11C1,E,11,C,1,
20,E11C2,E,11,C,2,
20,E11C3,E,11,C,3,
20,E11D1,E,11,D,1,
20,E11D2,E,11,D,2,
20,E11D3,E,11,D,3,
20,E13A1,E,13,A,1,
20,E13A2,E,13,A,2,
20,E13A3,E,13,A,3,
20,E13B1,E,13,B,1,
20,E13B2,E,13,B,2,
20,E13B3,E,13,B,3,
20,E13C1,E,13,C,1,
20,E13C2,E,13,C,2,
20,E13C3,E,13,C,3,
20,E13D1,E,13,D,1,
20,E13D2,E,13,D,2,
20,E13D3,E,13,D,3,
40,E14A1,E,14,A,1,
40,E14A2,E,14,A,2,
40,E14A3,E,14,A,3,
40,E14B1,E,14,B,1,
40,E14B2,E,14,B,2,
40,E14B3,E,14,B,3,
40,E14C1,E,14,C,1,
40,E14C2,E,14,C,2,
40,E14C3,E,14,C,3,
40,E14D1,E,14,D,1,GROUNDED
40,E14D2,E,14,D,2,
20,E15A2,E,15,A,2,
20,E15A3,E,15,A,3,
20,E15B1,E,15,B,1,
20,E15B2,E,15,B,2,
20,E15B3,E,15,B,3,
20,E15C1,E,15,C,1,
20,E15C2,E,15,C,2,
20,E15C3,E,15,C,3,
20,E15D1,E,15,D,1,
20,E15D2,E,15,D,2,
20,E15D3,E,15,D,3,
20,E17A1,E,17,A,1,
20,E17A2,E,17,A,2,
20,E17A3,E,17,A,3,
20,E17B1,E,17,B,1,
20,E17B2,E,17,B,2,
20,E17B3,E,17,B,3,
20,E17C1,E,17,C,1,
20,E17C2,E,17,C,2,
20,E17C3,E,17,C,3,
20,E17D1,E,17,D,1,
20,E17D2,E,17,D,2,
20,E17D3,E,17,D,3,
40,E18A1,E,18,A,1,
40,E18A2,E,18,A,2,
40,E18A3,E,18,A,3,
40,E18B1,E,18,B,1,
40,E18B2,E,18,B,2,
40,E18B3,E,18,B,3,
40,E18C1,E,18,C,1,
40,E18C2,E,18,C,2,
40,E18C3,E,18,C,3,
40,E18D1,E,18,D,1,
40,E18D2,E,18,D,2,
20,E19A1,E,19,A,1,
20,E19A2,E,19,A,2,
20,E19A3,E,19,A,3,
20,E19B1,E,19,B,1,
20,E19B2,E,19,B,2,
20,E19B3,E,19,B,3,
20,E19C1,E,19,C,1,
20,E19C2,E,19,C,2,
20,E19C3,E,19,C,3,
20,E19D1,E,19,D,1,
20,E19D2,E,19,D,2,
20,E19D3,E,19,D,3,
20,E21A1,E,21,A,1,
20,E21A2,E,21,A,2,
20,E21A3,E,21,A,3,
20,E21B1,E,21,B,1,
20,E21B2,E,21,B,2,
20,E21B3,E,21,B,3,
20,E21C1,E,21,C,1,
20,E21C2,E,21,C,2,
20,E21C3,E,21,C,3,
20,E21D1,E,21,D,1,
20,E21D2,E,21,D,2,
20,E21D3,E,21,D,3,
40,E22A1,E,22,A,1,
40,E22A2,E,22,A,2,
40,E22A3,E,22,A,3,
40,E22B1,E,22,B,1,
40,E22B2,E,22,B,2,
40,E22B3,E,22,B,3,
40,E22C1,E,22,C,1,
40,E22C2,E,22,C,2,
40,E22C3,E,22,C,3,GROUNDED
40,E22D1,E,22,D,1,
20,E23A1,E,23,A,1,
20,E23A2,E,23,A,2,
20,E23A3,E,23,A,3,
20,E23B1,E,23,B,1,
20,E23B2,E,23,B,2,
20,E23B3,E,23,B,3,
20,E23C1,E,23,C,1,
20,E23C2,E,23,C,2,
20,E23C3,E,23,C,3,
20,E23D1,E,23,D,1,
20,E23D2,E,23,D,2,
20,E23D3,E,23,D,3,
20,E25A1,E,25,A,1,
20,E25A2,E,25,A,2,
20,E25A3,E,25,A,3,
20,E25B1,E,25,B,1,
20,E25B2,E,25,B,2,
20,E25B3,E,25,B,3,
20,E25C1,E,25,C,1,
20,E25C2,E,25,C,2,
20,E25C3,E,25,C,3,
20,E25D1,E,25,D,1,
20,E25D2,E,25,D,2,
20,E25D3,E,25,D,3,
40,E26A1,E,26,A,1,
40,E26A2,E,26,A,2,
40,E26A3,E,26,A,3,
40,E26B1,E,26,B,1,
40,E26B2,E,26,B,2,
40,E26B3,E,26,B,3,
40,E26C1,E,26,C,1,
40,E26C2,E,26,C,2,
40,E26C3,E,26,C,3,
40,E26D1,E,26,D,1,
40,E26D2,E,26,D,2,
40,E26D3,E,26,D,3,
20,E27A1,E,27,A,1,
20,E27A2,E,27,A,2,
20,E27A3,E,27,A,3,
20,E27B1,E,27,B,1,
20,E27B2,E,27,B,2,
20,E27B3,E,27,B,3,
20,E27C1,E,27,C,1,
20,E27C2,E,27,C,2,
20,E27C3,E,27,C,3,
20,E27D1,E,27,D,1,
20,E27D2,E,27,D,2,
20,E27D3,E,27,D,3,
40,F10B3,F,10,B,3,GROUNDED
40,F14C2,F,14,C,2,
40,F14C3,F,14,C,3,
40,J02B1,J,2,B,1,
40,J06B3,J,6,B,3,
40,J06C3,J,6,C,3,
40,J10D2,J,10,D,2,
40,J14B1,J,14,B,1,
40,J14B2,J,14,B,2,
20,J15D1,J,15,D,1,GROUNDED
20,J15D2,J,15,D,2,GROUNDED
40,J22A3,J,22,A,3,
40,J22D1,J,22,D,1,
20,J25A3,J,25,A,3,GROUNDED
40,J26C1,J,26,C,1,
20,J27D1,J,27,D,1,GROUNDED
20,J29D1,J,29,D,1,
40,J30B2,J,30,B,2,
20,J35D3,J,35,D,3,GROUNDED
40,J38A3,J,38,A,3,
20,J39A3,J,39,A,3,GROUNDED
20,J41A2,J,41,A,2,
20,J41C2,J,41,C,2,GROUNDED
40,J42A1,J,42,A,1,
40,J42B2,J,42,B,2,
40,J42C3,J,42,C,3,
20,J43A1,J,43,A,1,GROUNDED
20,J47D1,J,47,D,1,
20,J55A1,J,55,A,1,
20,J59C1,J,59,C,1,GROUNDED
20,J59D2,J,59,D,2,
40,L10D2,L,10,D,2,GROUNDED
20,C01B3,C,1,B,3,GROUNDED
20,C01C3,C,1,C,3,GROUNDED
40,C02B2,C,2,B,2,GROUNDED
40,C02C1,C,2,C,1,
40,C02C2,C,2,C,2,
40,C02C3,C,2,C,3,GROUNDED
20,D01A1,D,1,A,1,GROUNDED
20,D01A2,D,1,A,2,
40,D02B3,D,2,B,3,
20,D03A1,D,3,A,1,GROUNDED
20,D03A2,D,3,A,2,GROUNDED
20,D05A1,D,5,A,1,GROUNDED
20,D05A3,D,5,A,3,GROUNDED
20,D05B1,D,5,B,1,GROUNDED
20,D05B2,D,5,B,2,GROUNDED
40,D06B3,D,6,B,3,
20,D07B2,D,7,B,2,GROUNDED
20,D07B3,D,7,B,3,GROUNDED
20,D09A1,D,9,A,1,GROUNDED
20,D09B2,D,9,B,2,GROUNDED
20,D11A2,D,11,A,2,
20,D11A3,D,11,A,3,GROUNDED
20,D11B1,D,11,B,1,GROUNDED
20,D11B2,D,11,B,2,GROUNDED
40,E02D3,E,2,D,3,
40,E06D3,E,6,D,3,
40,E10D3,E,10,D,3,
40,E14D3,E,14,D,3,
40,E18D3,E,18,D,3,
40,E22D2,E,22,D,2,
40,E22D3,E,22,D,3,
20,F01B3,F,1,B,3,
20,J01A3,J,1,A,3,
20,J03B3,J,3,B,3,GROUNDED
20,J03C3,J,3,C,3,GROUNDED
20,J05A3,J,5,A,3,GROUNDED
20,J05B1,J,5,B,1,GROUNDED
20,J07A1,J,7,A,1,
20,J07B3,J,7,B,3,
20,J09A2,J,9,A,2,GROUNDED
20,J11C3,J,11,C,3,GROUNDED
20,C01E1,C,1,E,1,GROUNDED
20,C01E2,C,1,E,2,GROUNDED
20,C01E3,C,1,E,3,GROUNDED
20,C01F2,C,1,F,2,GROUNDED
40,C02B4,C,2,B,4,GROUNDED
40,C02C4,C,2,C,4,GROUNDED
40,C02E2,C,2,E,2,
40,C02E4,C,2,E,4,
40,C02F1,C,2,F,1,
40,C02F2,C,2,F,2,
40,C02F3,C,2,F,3,
40,C02F4,C,2,F,4,
20,C03A4,C,3,A,4,GROUNDED
20,C03D4,C,3,D,4,GROUNDED
20,C03E2,C,3,E,2,
20,C03E3,C,3,E,3,GROUNDED
20,C03E4,C,3,E,4,
20,C03F2,C,3,F,2,
20,C03F3,C,3,F,3,
20,C03F4,C,3,F,4,GROUNDED
20,C05A4,C,5,A,4,GROUNDED
20,C05D4,C,5,D,4,GROUNDED
20,C05E1,C,5,E,1,
20,C05E2,C,5,E,2,GROUNDED
20,C05F2,C,5,F,2,GROUNDED
40,C06E1,C,6,E,1,
40,C06E2,C,6,E,2,
40,C06E3,C,6,E,3,
40,C06F1,C,6,F,1,
40,C06F2,C,6,F,2,
40,C06F3,C,6,F,3,
40,C06F4,C,6,F,4,
20,C07E1,C,7,E,1,GROUNDED
20,C07E3,C,7,E,3,GROUNDED
20,C07E4,C,7,E,4,GROUNDED
20,C07F1,C,7,F,1,GROUNDED
20,C07F2,C,7,F,2,GROUNDED
20,C09E1,C,9,E,1,GROUNDED
20,C09E2,C,9,E,2,GROUNDED
20,C09E3,C,9,E,3,GROUNDED
20,C09E4,C,9,E,4,
40,C10A4,C,10,A,4,GROUNDED
40,C10B4,C,10,B,4,GROUNDED
40,C10C4,C,10,C,4,GROUNDED
40,C10D4,C,10,D,4,
40,C10E1,C,10,E,1,
40,C10E2,C,10,E,2,
40,C10E3,C,10,E,3,
40,C10E4,C,10,E,4,
40,C10F1,C,10,F,1,
40,C10F2,C,10,F,2,
40,C10F3,C,10,F,3,
40,C10F4,C,10,F,4,
20,C11E3,C,11,E,3,GROUNDED
20,C11F2,C,11,F,2,GROUNDED
20,C11F3,C,11,F,3,GROUNDED
20,C11F4,C,11,F,4,GROUNDED
20,C13A4,C,13,A,4,GROUNDED
20,C13B4,C,13,B,4,GROUNDED
20,C13E3,C,13,E,3,GROUNDED
20,C13F3,C,13,F,3,GROUNDED
40,C14A4,C,14,A,4,GROUNDED
40,C14D4,C,14,D,4,
40,C14E2,C,14,E,2,
40,C14E3,C,14,E,3,
40,C14E4,C,14,E,4,
40,C14F1,C,14,F,1,
40,C14F2,C,14,F,2,
40,C14F3,C,14,F,3,
40,C14F4,C,14,F,4,
20,C15C4,C,15,C,4,GROUNDED
20,C15E2,C,15,E,2,GROUNDED
20,C15E3,C,15,E,3,GROUNDED
20,C15F2,C,15,F,2,GROUNDED
20,C15F3,C,15,F,3,GROUNDED
20,C15F4,C,15,F,4,GROUNDED
20,C17B4,C,17,B,4,GROUNDED
20,C17E2,C,17,E,2,GROUNDED
20,C17E3,C,17,E,3,GROUNDED
20,C17E4,C,17,E,4,GROUNDED
20,C17F1,C,17,F,1,GROUNDED
20,C17F2,C,17,F,2,
20,C17F3,C,17,F,3,
20,C17F4,C,17,F,4,
40,C18A4,C,18,A,4,GROUNDED
40,C18D4,C,18,D,4,
40,C18E1,C,18,E,1,
40,C18E2,C,18,E,2,
40,C18E3,C,18,E,3,
40,C18F1,C,18,F,1,
40,C18F2,C,18,F,2,
40,C18F3,C,18,F,3,
40,C18F4,C,18,F,4,
20,C19C4,C,19,C,4,GROUNDED
20,C19D4,C,19,D,4,
20,C19E2,C,19,E,2,GROUNDED
20,C19E4,C,19,E,4,GROUNDED
20,C19F1,C,19,F,1,GROUNDED
20,C19F3,C,19,F,3,
20,C19F4,C,19,F,4,
20,C21E2,C,21,E,2,GROUNDED
20,C21E3,C,21,E,3,GROUNDED
20,C21F2,C,21,F,2,GROUNDED
20,C21F3,C,21,F,3,
20,C21F4,C,21,F,4,
40,C22A4,C,22,A,4,GROUNDED
40,C22D4,C,22,D,4,
40,C22E1,C,22,E,1,
40,C22E2,C,22,E,2,
40,C22E3,C,22,E,3,
40,C22F1,C,22,F,1,
40,C22F2,C,22,F,2,
40,C22F3,C,22,F,3,
40,C22F4,C,22,F,4,
20,C23E2,C,23,E,2,GROUNDED
20,C23E4,C,23,E,4,GROUNDED
20,C23F2,C,23,F,2,GROUNDED
20,C23F3,C,23,F,3,GROUNDED
20,C23F4,C,23,F,4,
20,C25C4,C,25,C,4,GROUNDED
20,C25E3,C,25,E,3,GROUNDED
20,C25E4,C,25,E,4,GROUNDED
20,C25F3,C,25,F,3,
20,C25F4,C,25,F,4,
40,C26D4,C,26,D,4,
40,C26E1,C,26,E,1,
40,C26E2,C,26,E,2,
40,C26E3,C,26,E,3,
40,C26E4,C,26,E,4,
40,C26F1,C,26,F,1,
40,C26F2,C,26,F,2,
40,C26F3,C,26,F,3,
40,C26F4,C,26,F,4,
20,C27F1,C,27,F,1,GROUNDED
20,C27F2,C,27,F,2,
20,C27F4,C,27,F,4,
20,D01A4,D,1,A,4,GROUNDED
20,D01C4,D,1,C,4,GROUNDED
20,D01E1,D,1,E,1,GROUNDED
20,D01E4,D,1,E,4,GROUNDED
20,D01F1,D,1,F,1,GROUNDED
20,D01F2,D,1,F,2,GROUNDED
20,D01F3,D,1,F,3,GROUNDED
20,D01F4,D,1,F,4,GROUNDED
40,D02A4,D,2,A,4,
40,D02B4,D,2,B,4,
40,D02C4,D,2,C,4,
40,D02D4,D,2,D,4,
40,D02E1,D,2,E,1,
40,D02E2,D,2,E,2,
40,D02E3,D,2,E,3,
40,D02E4,D,2,E,4,
40,D02F1,D,2,F,1,
40,D02F2,D,2,F,2,
40,D02F3,D,2,F,3,
40,D02F4,D,2,F,4,
20,D03A4,D,3,A,4,GROUNDED
20,D03B4,D,3,B,4,GROUNDED
20,D03D4,D,3,D,4,
20,D03E1,D,3,E,1,GROUNDED
20,D03E3,D,3,E,3,GROUNDED
20,D03E4,D,3,E,4,GROUNDED
20,D03F1,D,3,F,1,GROUNDED
20,D03F2,D,3,F,2,GROUNDED
20,D03F3,D,3,F,3,GROUNDED
20,D03F4,D,3,F,4,GROUNDED
20,D05B4,D,5,B,4,GROUNDED
20,D05E3,D,5,E,3,GROUNDED
20,D05E4,D,5,E,4,GROUNDED
20,D05F1,D,5,F,1,GROUNDED
20,D05F2,D,5,F,2,GROUNDED
20,D05F3,D,5,F,3,GROUNDED
20,D05F4,D,5,F,4,
40,D06A4,D,6,A,4,
40,D06B4,D,6,B,4,
40,D06C4,D,6,C,4,GROUNDED
40,D06D4,D,6,D,4,
40,D06E1,D,6,E,1,
40,D06E2,D,6,E,2,
40,D06E3,D,6,E,3,
40,D06E4,D,6,E,4,
40,D06F1,D,6,F,1,
40,D06F2,D,6,F,2,
40,D06F3,D,6,F,3,
40,D06F4,D,6,F,4,
20,D07B4,D,7,B,4,GROUNDED
20,D07C4,D,7,C,4,GROUNDED
20,D07D4,D,7,D,4,GROUNDED
20,D07E1,D,7,E,1,GROUNDED
20,D07E2,D,7,E,2,GROUNDED
20,D07E3,D,7,E,3,GROUNDED
20,D07E4,D,7,E,4,GROUNDED
20,D07F1,D,7,F,1,GROUNDED
20,D07F2,D,7,F,2,GROUNDED
20,D07F3,D,7,F,3,GROUNDED
20,D09A4,D,9,A,4,GROUNDED
20,D09C4,D,9,C,4,GROUNDED
20,D09D4,D,9,D,4,GROUNDED
20,D09E2,D,9,E,2,GROUNDED
20,D09E4,D,9,E,4,
20,D09F1,D,9,F,1,GROUNDED
20,D09F3,D,9,F,3,GROUNDED
40,D10A4,D,10,A,4,
40,D10B4,D,10,B,4,
40,D10C4,D,10,C,4,
40,D10D4,D,10,D,4,
40,D10E1,D,10,E,1,
40,D10E2,D,10,E,2,
40,D10E3,D,10,E,3,
40,D10E4,D,10,E,4,
40,D10F1,D,10,F,1,
40,D10F2,D,10,F,2,GROUNDED
40,D10F3,D,10,F,3,
40,D10F4,D,10,F,4,
20,D11A4,D,11,A,4,
20,D11B4,D,11,B,4,
20,D11C4,D,11,C,4,
20,D11D4,D,11,D,4,
20,D11E1,D,11,E,1,
20,D11E2,D,11,E,2,
20,D11E3,D,11,E,3,
20,D11E4,D,11,E,4,
20,D11F1,D,11,F,1,
20,D11F2,D,11,F,2,
20,D11F3,D,11,F,3,
20,D11F4,D,11,F,4,
20,D13A4,D,13,A,4,
20,D13B4,D,13,B,4,
20,D13C4,D,13,C,4,
20,D13D4,D,13,D,4,
20,D13E1,D,13,E,1,
20,D13E2,D,13,E,2,
20,D13E3,D,13,E,3,
20,D13E4,D,13,E,4,
20,D13F1,D,13,F,1,
20,D13F3,D,13,F,3,
20,D13F4,D,13,F,4,
40,D14A4,D,14,A,4,
40,D14B4,D,14,B,4,
40,D14C4,D,14,C,4,
40,D14D4,D,14,D,4,
40,D14E1,D,14,E,1,
40,D14E2,D,14,E,2,
40,D14E3,D,14,E,3,
40,D14E4,D,14,E,4,
40,D14F1,D,14,F,1,
40,D14F2,D,14,F,2,
40,D14F3,D,14,F,3,
40,D14F4,D,14,F,4,
20,D15A4,D,15,A,4,GROUNDED
20,D15B4,D,15,B,4,
20,D15C4,D,15,C,4,
20,D15D4,D,15,D,4,
20,D15E1,D,15,E,1,
20,D15E2,D,15,E,2,
20,D15E3,D,15,E,3,
20,D15E4,D,15,E,4,
20,D15F1,D,15,F,1,
20,D15F2,D,15,F,2,
20,D15F3,D,15,F,3,
20,D15F4,D,15,F,4,
20,D17A4,D,17,A,4,
20,D17B4,D,17,B,4,
20,D17C4,D,17,C,4,
20,D17D4,D,17,D,4,
20,D17E1,D,17,E,1,
20,D17E2,D,17,E,2,
20,D17E3,D,17,E,3,
20,D17E4,D,17,E,4,
20,D17F1,D,17,F,1,
20,D17F2,D,17,F,2,
40,D18A4,D,18,A,4,
40,D18B4,D,18,B,4,
40,D18C4,D,18,C,4,
40,D18D4,D,18,D,4,
40,D18E1,D,18,E,1,
40,D18E2,D,18,E,2,
40,D18E3,D,18,E,3,
40,D18E4,D,18,E,4,
40,D18F1,D,18,F,1,
40,D18F2,D,18,F,2,
40,D18F3,D,18,F,3,
40,D18F4,D,18,F,4,
20,D19A4,D,19,A,4,
20,D19B4,D,19,B,4,GROUNDED
20,D19C4,D,19,C,4,
20,D19D4,D,19,D,4,
20,D19E1,D,19,E,1,
20,D19E2,D,19,E,2,
20,D19E3,D,19,E,3,
20,D19E4,D,19,E,4,
20,D19F1,D,19,F,1,
20,D19F2,D,19,F,2,
20,D19F3,D,19,F,3,
20,D21A4,D,21,A,4,
20,D21B4,D,21,B,4,
20,D21C4,D,21,C,4,
20,D21D4,D,21,D,4,
20,D21E1,D,21,E,1,
20,D21E2,D,21,E,2,
20,D21E3,D,21,E,3,
20,D21E4,D,21,E,4,
20,D21F1,D,21,F,1,
20,D21F2,D,21,F,2,
20,D21F3,D,21,F,3,
20,D21F4,D,21,F,4,
40,D22A4,D,22,A,4,
40,D22B4,D,22,B,4,
40,D22C4,D,22,C,4,
40,D22D4,D,22,D,4,
40,D22E2,D,22,E,2,
40,D22E3,D,22,E,3,
40,D22E4,D,22,E,4,
40,D22F1,D,22,F,1,
40,D22F2,D,22,F,2,
40,D22F3,D,22,F,3,
40,D22F4,D,22,F,4,
20,D23A4,D,23,A,4,GROUNDED
20,D23B4,D,23,B,4,
20,D23C4,D,23,C,4,
20,D23D4,D,23,D,4,
20,D23E1,D,23,E,1,
20,D23E2,D,23,E,2,
20,D23E3,D,23,E,3,
20,D23E4,D,23,E,4,
20,D23F1,D,23,F,1,
20,D23F2,D,23,F,2,
20,D23F3,D,23,F,3,
20,D23F4,D,23,F,4,
20,D25A4,D,25,A,4,
20,D25B4,D,25,B,4,
20,D25C4,D,25,C,4,
20,D25E1,D,25,E,1,
20,D25E2,D,25,E,2,
20,D25E3,D,25,E,3,
20,D25E4,D,25,E,4,
20,D25F1,D,25,F,1,
20,D25F2,D,25,F,2,
20,D25F3,D,25,F,3,
20,D25F4,D,25,F,4,
40,D26A4,D,26,A,4,
40,D26B4,D,26,B,4,
40,D26C4,D,26,C,4,
40,D26D4,D,26,D,4,
40,D26E1,D,26,E,1,
40,D26E2,D,26,E,2,
40,D26E3,D,26,E,3,
40,D26E4,D,26,E,4,
40,D26F1,D,26,F,1,
40,D26F2,D,26,F,2,
40,D26F3,D,26,F,3,
40,D26F4,D,26,F,4,
20,D27A4,D,27,A,4,
20,D27B4,D,27,B,4,
20,D27C4,D,27,C,4,
20,D27E1,D,27,E,1,
20,D27E2,D,27,E,2,
20,D27E3,D,27,E,3,
20,D27E4,D,27,E,4,
20,D27F1,D,27,F,1,
20,D27F2,D,27,F,2,
20,D27F3,D,27,F,3,
20,D27F4,D,27,F,4,
20,E01A4,E,1,A,4,
20,E01B4,E,1,B,4,
20,E01C4,E,1,C,4,
20,E01D4,E,1,D,4,
20,E01E1,E,1,E,1,
20,E01E2,E,1,E,2,
20,E01E3,E,1,E,3,
20,E01E4,E,1,E,4,
20,E01F1,E,1,F,1,
20,E01F2,E,1,F,2,
20,E01F3,E,1,F,3,
20,E01F4,E,1,F,4,
40,E02A4,E,2,A,4,
40,E02B4,E,2,B,4,
40,E02C4,E,2,C,4,
40,E02D4,E,2,D,4,
40,E02E1,E,2,E,1,
40,E02E2,E,2,E,2,
40,E02E3,E,2,E,3,
40,E02E4,E,2,E,4,
40,E02F2,E,2,F,2,
40,E02F3,E,2,F,3,
40,E02F4,E,2,F,4,
20,E03A4,E,3,A,4,
20,E03B4,E,3,B,4,
20,E03C4,E,3,C,4,
20,E03D4,E,3,D,4,
20,E03E1,E,3,E,1,
20,E03E2,E,3,E,2,
20,E03E3,E,3,E,3,
20,E03E4,E,3,E,4,
20,E03F1,E,3,F,1,
20,E03F2,E,3,F,2,
20,E03F3,E,3,F,3,
20,E03F4,E,3,F,4,
20,E05B4,E,5,B,4,
20,E05D4,E,5,D,4,
20,E05E1,E,5,E,1,GROUNDED
20,E05E2,E,5,E,2,
20,E05E3,E,5,E,3,
20,E05E4,E,5,E,4,
20,E05F1,E,5,F,1,
20,E05F2,E,5,F,2,
20,E05F3,E,5,F,3,
40,E06A4,E,6,A,4,
40,E06B4,E,6,B,4,
40,E06C4,E,6,C,4,
40,E06D4,E,6,D,4,
40,E06E1,E,6,E,1,GROUNDED
40,E06E2,E,6,E,2,
40,E06E3,E,6,E,3,
40,E06E4,E,6,E,4,
40,E06F1,E,6,F,1,
40,E06F2,E,6,F,2,
40,E06F3,E,6,F,3,
40,E06F4,E,6,F,4,
20,E07A4,E,7,A,4,
20,E07B4,E,7,B,4,
20,E07C4,E,7,C,4,
20,E07D4,E,7,D,4,
20,E07E1,E,7,E,1,
20,E07E2,E,7,E,2,
20,E07E3,E,7,E,3,
20,E07E4,E,7,E,4,
20,E07F1,E,7,F,1,
20,E07F2,E,7,F,2,
20,E07F3,E,7,F,3,
20,E07F4,E,7,F,4,
20,E09A4,E,9,A,4,
20,E09B4,E,9,B,4,
20,E09C4,E,9,C,4,
20,A27B3,A,27,B,3,GROUNDED
20,A27B4,A,27,B,4,GROUNDED
20,A27C1,A,27,C,1,GROUNDED
20,A27C2,A,27,C,2,GROUNDED
20,A27C3,A,27,C,3,GROUNDED
20,A27D1,A,27,D,1,GROUNDED
20,A27D2,A,27,D,2,GROUNDED
20,A27D3,A,27,D,3,GROUNDED
20,A27D4,A,27,D,4,GROUNDED
20,A01A2,A,1,A,2,GROUNDED
20,A01A3,A,1,A,3,GROUNDED
20,A01B1,A,1,B,1,GROUNDED
20,A03A1,A,3,A,1,GROUNDED
20,A03A2,A,3,A,2,GROUNDED
20,A03A3,A,3,A,3,GROUNDED
20,A03B3,A,3,B,3,GROUNDED
20,A05A3,A,5,A,3,GROUNDED
20,A05B1,A,5,B,1,GROUNDED
20,A05B2,A,5,B,2,GROUNDED
20,A05B3,A,5,B,3,GROUNDED
20,A07A1,A,7,A,1,GROUNDED
20,A07A2,A,7,A,2,GROUNDED
20,A07B1,A,7,B,1,GROUNDED
20,A07B3,A,7,B,3,GROUNDED
20,A09A1,A,9,A,1,GROUNDED
20,A09A3,A,9,A,3,GROUNDED
20,A09B1,A,9,B,1,GROUNDED
20,A11A1,A,11,A,1,GROUNDED
20,A11B1,A,11,B,1,GROUNDED
20,A11B2,A,11,B,2,GROUNDED
20,A11B3,A,11,B,3,GROUNDED
20,A13A1,A,13,A,1,GROUNDED
20,A13A2,A,13,A,2,GROUNDED
20,A13B1,A,13,B,1,GROUNDED
20,A13B2,A,13,B,2,GROUNDED
20,A13B3,A,13,B,3,GROUNDED
20,A15A2,A,15,A,2,GROUNDED
20,A15A3,A,15,A,3,GROUNDED
20,A15B1,A,15,B,1,GROUNDED
20,A15B2,A,15,B,2,GROUNDED
20,A15B3,A,15,B,3,GROUNDED
20,A01E1,A,1,E,1,GROUNDED
20,A01E2,A,1,E,2,GROUNDED
20,A01E3,A,1,E,3,GROUNDED
20,A01E4,A,1,E,4,GROUNDED
20,A01F1,A,1,F,1,GROUNDED
20,A01F2,A,1,F,2,
20,A01F3,A,1,F,3,GROUNDED
40,A02E1,A,2,E,1,GROUNDED
40,A02E3,A,2,E,3,GROUNDED
40,A02E4,A,2,E,4,GROUNDED
40,A02F1,A,2,F,1,GROUNDED
40,A02F3,A,2,F,3,GROUNDED
20,A03E1,A,3,E,1,GROUNDED
20,A03E3,A,3,E,3,GROUNDED
20,A03F1,A,3,F,1,GROUNDED
20,A03F2,A,3,F,2,GROUNDED
20,A03F4,A,3,F,4,GROUNDED
20,A05E1,A,5,E,1,GROUNDED
20,A05E2,A,5,E,2,GROUNDED
20,A05E3,A,5,E,3,GROUNDED
20,A05F3,A,5,F,3,GROUNDED
40,A06E1,A,6,E,1,GROUNDED
40,A06E2,A,6,E,2,GROUNDED
40,A06E4,A,6,E,4,GROUNDED
40,A06F1,A,6,F,1,GROUNDED
40,A06F3,A,6,F,3,GROUNDED
40,A06F4,A,6,F,4,GROUNDED
20,A07E1,A,7,E,1,GROUNDED
20,A07E2,A,7,E,2,GROUNDED
20,A07E3,A,7,E,3,GROUNDED
20,A07F1,A,7,F,1,GROUNDED
20,A07F2,A,7,F,2,GROUNDED
20,A07F3,A,7,F,3,GROUNDED
20,A09E1,A,9,E,1,GROUNDED
20,A09E2,A,9,E,2,GROUNDED
20,A09E4,A,9,E,4,GROUNDED
20,A09F2,A,9,F,2,GROUNDED
20,A09F4,A,9,F,4,GROUNDED
40,A10E1,A,10,E,1,GROUNDED
40,A10E2,A,10,E,2,GROUNDED
40,A10F1,A,10,F,1,GROUNDED
40,A10F2,A,10,F,2,GROUNDED
20,A11E1,A,11,E,1,GROUNDED
20,A11F1,A,11,F,1,GROUNDED
20,A11F3,A,11,F,3,GROUNDED
20,A13E2,A,13,E,2,GROUNDED
20,A13E3,A,13,E,3,GROUNDED
20,A13F1,A,13,F,1,GROUNDED
20,A13F3,A,13,F,3,GROUNDED
40,A14E1,A,14,E,1,GROUNDED
40,A14E2,A,14,E,2,GROUNDED
40,A14E3,A,14,E,3,
40,A14E4,A,14,E,4,GROUNDED
40,A14F2,A,14,F,2,GROUNDED
20,A15E1,A,15,E,1,GROUNDED
20,A15E2,A,15,E,2,GROUNDED
20,A15E3,A,15,E,3,GROUNDED
20,A15E4,A,15,E,4,GROUNDED
20,A15F4,A,15,F,4,GROUNDED
20,A17E1,A,17,E,1,GROUNDED
20,A17E3,A,17,E,3,GROUNDED
20,A17F2,A,17,F,2,GROUNDED
20,A17F4,A,17,F,4,GROUNDED
40,A18E1,A,18,E,1,GROUNDED
40,A18E2,A,18,E,2,GROUNDED
40,A18F1,A,18,F,1,GROUNDED
40,A18F3,A,18,F,3,GROUNDED
40,A18F4,A,18,F,4,GROUNDED
20,A19E3,A,19,E,3,GROUNDED
20,A19E4,A,19,E,4,GROUNDED
20,A19F1,A,19,F,1,GROUNDED
20,A19F3,A,19,F,3,GROUNDED
20,A19F4,A,19,F,4,GROUNDED
20,A21E1,A,21,E,1,GROUNDED
20,A21E2,A,21,E,2,GROUNDED
20,A21E3,A,21,E,3,GROUNDED
20,A21E4,A,21,E,4,GROUNDED
20,A21F1,A,21,F,1,GROUNDED
20,A21F2,A,21,F,2,GROUNDED
40,A22E1,A,22,E,1,GROUNDED
40,A22E2,A,22,E,2,GROUNDED
40,A22E3,A,22,E,3,GROUNDED
40,A22E4,A,22,E,4,GROUNDED
40,A22F1,A,22,F,1,GROUNDED
40,A22F2,A,22,F,2,GROUNDED
40,A22F3,A,22,F,3,GROUNDED
40,A22F4,A,22,F,4,GROUNDED
20,A23E1,A,23,E,1,GROUNDED
20,A23E3,A,23,E,3,GROUNDED
20,A23E4,A,23,E,4,GROUNDED
20,A23F2,A,23,F,2,GROUNDED
20,A23F3,A,23,F,3,GROUNDED
20,A23F4,A,23,F,4,GROUNDED
20,A25E2,A,25,E,2,GROUNDED
20,A25E3,A,25,E,3,GROUNDED
20,A25F1,A,25,F,1,GROUNDED
20,A25F2,A,25,F,2,GROUNDED
20,A25F3,A,25,F,3,GROUNDED
20,A25F4,A,25,F,4,GROUNDED
40,A26E1,A,26,E,1,GROUNDED
40,A26E2,A,26,E,2,GROUNDED
40,A26E4,A,26,E,4,GROUNDED
40,A26F1,A,26,F,1,GROUNDED
40,A26F3,A,26,F,3,GROUNDED
40,A26F4,A,26,F,4,GROUNDED
20,A27E1,A,27,E,1,GROUNDED
20,A27E2,A,27,E,2,GROUNDED
20,A27E3,A,27,E,3,GROUNDED
20,A27E4,A,27,E,4,GROUNDED
20,A27F3,A,27,F,3,GROUNDED
20,A27F4,A,27,F,4,GROUNDED
20,B01A4,B,1,A,4,GROUNDED
20,B01B4,B,1,B,4,GROUNDED
20,B01C4,B,1,C,4,GROUNDED
20,B01D1,B,1,D,1,GROUNDED
20,B01D2,B,1,D,2,GROUNDED
20,B01D3,B,1,D,3,GROUNDED
40,B02A1,B,2,A,1,GROUNDED
40,B02A3,B,2,A,3,GROUNDED
40,B02B2,B,2,B,2,GROUNDED
40,B02B3,B,2,B,3,GROUNDED
40,B02C1,B,2,C,1,GROUNDED
40,B02C2,B,2,C,2,GROUNDED
40,B02D4,B,2,D,4,GROUNDED
20,B03B4,B,3,B,4,GROUNDED
20,B03D1,B,3,D,1,GROUNDED
20,B03D2,B,3,D,2,GROUNDED
20,B03D3,B,3,D,3,GROUNDED
20,B03D4,B,3,D,4,GROUNDED
20,B05A4,B,5,A,4,GROUNDED
20,B05B4,B,5,B,4,GROUNDED
20,B05C4,B,5,C,4,GROUNDED
20,B05D1,B,5,D,1,GROUNDED
20,B05D2,B,5,D,2,GROUNDED
20,B05D3,B,5,D,3,GROUNDED
20,B05D4,B,5,D,4,GROUNDED
40,B06A1,B,6,A,1,GROUNDED
40,B06A2,B,6,A,2,GROUNDED
40,B06A3,B,6,A,3,GROUNDED
40,B06A4,B,6,A,4,GROUNDED
40,B06B2,B,6,B,2,GROUNDED
40,B06B3,B,6,B,3,GROUNDED
40,B06B4,B,6,B,4,GROUNDED
40,B06C2,B,6,C,2,GROUNDED
40,B06D1,B,6,D,1,GROUNDED
40,B06D2,B,6,D,2,GROUNDED
40,B06D3,B,6,D,3,GROUNDED
20,B07A4,B,7,A,4,GROUNDED
20,B07B4,B,7,B,4,GROUNDED
20,B07C4,B,7,C,4,GROUNDED
20,B07D2,B,7,D,2,GROUNDED
20,B07D4,B,7,D,4,
20,B09A4,B,9,A,4,GROUNDED
20,B09B4,B,9,B,4,GROUNDED
20,B09D1,B,9,D,1,GROUNDED
20,B09D2,B,9,D,2,GROUNDED
20,B09D3,B,9,D,3,GROUNDED
20,B09D4,B,9,D,4,GROUNDED
40,B10A1,B,10,A,1,GROUNDED
40,B10A3,B,10,A,3,GROUNDED
40,B10A4,B,10,A,4,GROUNDED
40,B10B4,B,10,B,4,GROUNDED
40,B10C2,B,10,C,2,GROUNDED
40,B10D2,B,10,D,2,GROUNDED
40,B10D3,B,10,D,3,GROUNDED
20,B11A4,B,11,A,4,GROUNDED
20,B11B4,B,11,B,4,
20,B11C4,B,11,C,4,GROUNDED
20,B11D1,B,11,D,1,GROUNDED
20,B11D2,B,11,D,2,GROUNDED
20,B11D3,B,11,D,3,GROUNDED
20,B13A4,B,13,A,4,GROUNDED
20,B13C4,B,13,C,4,GROUNDED
20,B13D1,B,13,D,1,GROUNDED
20,B13D3,B,13,D,3,GROUNDED
20,B13D4,B,13,D,4,GROUNDED
40,B14A1,B,14,A,1,GROUNDED
40,B14A3,B,14,A,3,GROUNDED
40,B14B1,B,14,B,1,GROUNDED
40,B14B4,B,14,B,4,GROUNDED
40,B14C1,B,14,C,1,GROUNDED
40,B14C2,B,14,C,2,GROUNDED
40,B14C3,B,14,C,3,GROUNDED
40,B14D1,B,14,D,1,GROUNDED
40,B14D2,B,14,D,2,
40,B14D3,B,14,D,3,GROUNDED
20,B15B4,B,15,B,4,GROUNDED
20,B15C4,B,15,C,4,GROUNDED
20,B15D1,B,15,D,1,GROUNDED
20,B15D2,B,15,D,2,GROUNDED
20,B15D3,B,15,D,3,GROUNDED
20,B15D4,B,15,D,4,GROUNDED
20,B17A4,B,17,A,4,GROUNDED
20,B17B4,B,17,B,4,GROUNDED
20,B17C4,B,17,C,4,GROUNDED
20,B17D1,B,17,D,1,GROUNDED
20,B17D3,B,17,D,3,GROUNDED
40,B18A1,B,18,A,1,GROUNDED
40,B18B2,B,18,B,2,GROUNDED
40,B18B3,B,18,B,3,GROUNDED
40,B18C1,B,18,C,1,GROUNDED
40,B18C3,B,18,C,3,GROUNDED
40,B18C4,B,18,C,4,GROUNDED
40,B18D1,B,18,D,1,
40,B18D4,B,18,D,4,GROUNDED
20,B19A4,B,19,A,4,GROUNDED
20,B19B4,B,19,B,4,GROUNDED
20,B19D1,B,19,D,1,GROUNDED
20,B19D2,B,19,D,2,GROUNDED
20,B19D4,B,19,D,4,GROUNDED
20,B21A1,B,21,A,1,GROUNDED
20,B21A2,B,21,A,2,GROUNDED
20,B21A4,B,21,A,4,GROUNDED
20,B21B1,B,21,B,1,GROUNDED
20,B21B2,B,21,B,2,GROUNDED
20,B21B3,B,21,B,3,GROUNDED
20,B21B4,B,21,B,4,GROUNDED
20,B21C3,B,21,C,3,GROUNDED
20,B21C4,B,21,C,4,GROUNDED
20,B21D1,B,21,D,1,GROUNDED
20,B21D2,B,21,D,2,GROUNDED
20,B21D3,B,21,D,3,GROUNDED
20,B21D4,B,21,D,4,GROUNDED
40,B22A1,B,22,A,1,GROUNDED
40,B22A2,B,22,A,2,GROUNDED
40,B22B1,B,22,B,1,GROUNDED
40,B22B3,B,22,B,3,GROUNDED
40,B22B4,B,22,B,4,GROUNDED
40,B22C1,B,22,C,1,GROUNDED
40,B22C2,B,22,C,2,GROUNDED
40,B22C3,B,22,C,3,GROUNDED
40,B22D1,B,22,D,1,GROUNDED
40,B22D2,B,22,D,2,GROUNDED
40,B22D4,B,22,D,4,GROUNDED
20,B23A2,B,23,A,2,GROUNDED
20,B23A4,B,23,A,4,GROUNDED
20,B23B2,B,23,B,2,GROUNDED
20,B23B3,B,23,B,3,GROUNDED
20,B23C1,B,23,C,1,GROUNDED
20,B23D1,B,23,D,1,GROUNDED
20,B23D2,B,23,D,2,GROUNDED
20,B23D3,B,23,D,3,GROUNDED
20,B23D4,B,23,D,4,
20,B25A1,B,25,A,1,GROUNDED
20,B25A2,B,25,A,2,GROUNDED
20,B25A3,B,25,A,3,GROUNDED
20,B25A4,B,25,A,4,GROUNDED
20,B25B2,B,25,B,2,GROUNDED
20,B25B3,B,25,B,3,GROUNDED
20,B25C3,B,25,C,3,GROUNDED
20,B25C4,B,25,C,4,
20,B25D1,B,25,D,1,GROUNDED
20,B25D2,B,25,D,2,GROUNDED
20,B25D4,B,25,D,4,GROUNDED
40,B26A1,B,26,A,1,GROUNDED
40,B26A2,B,26,A,2,GROUNDED
40,B26A3,B,26,A,3,GROUNDED
40,B26B4,B,26,B,4,GROUNDED
40,B26C1,B,26,C,1,GROUNDED
40,B26C2,B,26,C,2,GROUNDED
40,B26C4,B,26,C,4,GROUNDED
40,B26D1,B,26,D,1,GROUNDED
40,B26D2,B,26,D,2,
40,B26D3,B,26,D,3,GROUNDED
20,B27A1,B,27,A,1,GROUNDED
20,B27A2,B,27,A,2,GROUNDED
20,B27A3,B,27,A,3,GROUNDED
20,B27A4,B,27,A,4,GROUNDED
20,B27B1,B,27,B,1,GROUNDED
20,B27B4,B,27,B,4,GROUNDED
20,B27C2,B,27,C,2,GROUNDED
20,B27C3,B,27,C,3,GROUNDED
20,B27D1,B,27,D,1,GROUNDED
20,B27D2,B,27,D,2,GROUNDED
20,B27D4,B,27,D,4,GROUNDED
20,B01A1,B,1,A,1,GROUNDED
20,B01A2,B,1,A,2,GROUNDED
20,B01A3,B,1,A,3,GROUNDED
20,B01B1,B,1,B,1,GROUNDED
20,B01B2,B,1,B,2,GROUNDED
20,B01B3,B,1,B,3,GROUNDED
20,B01C1,B,1,C,1,GROUNDED
20,B01C2,B,1,C,2,GROUNDED
20,B01C3,B,1,C,3,GROUNDED
20,B03A1,B,3,A,1,GROUNDED
20,B03A2,B,3,A,2,GROUNDED
20,B03B1,B,3,B,1,GROUNDED
20,B03B3,B,3,B,3,GROUNDED
20,B03C2,B,3,C,2,GROUNDED
20,B03C3,B,3,C,3,GROUNDED
20,B05A2,B,5,A,2,GROUNDED
20,B05A3,B,5,A,3,GROUNDED
20,B05B2,B,5,B,2,GROUNDED
20,B05B3,B,5,B,3,GROUNDED
20,B05C1,B,5,C,1,GROUNDED
20,B05C2,B,5,C,2,GROUNDED
20,B07A1,B,7,A,1,GROUNDED
20,B07A2,B,7,A,2,GROUNDED
20,B07B1,B,7,B,1,GROUNDED
20,B07B2,B,7,B,2,GROUNDED
20,B07B3,B,7,B,3,GROUNDED
20,B07C3,B,7,C,3,GROUNDED
20,B09A1,B,9,A,1,GROUNDED
20,B09A2,B,9,A,2,GROUNDED
20,B09A3,B,9,A,3,GROUNDED
20,B09B1,B,9,B,1,GROUNDED
20,B09B2,B,9,B,2,GROUNDED
20,B09C1,B,9,C,1,GROUNDED
20,B09C2,B,9,C,2,GROUNDED
20,B09C3,B,9,C,3,GROUNDED
20,B11A3,B,11,A,3,GROUNDED
20,B11B2,B,11,B,2,GROUNDED
20,B11B3,B,11,B,3,GROUNDED
20,B11C2,B,11,C,2,GROUNDED
20,B13A1,B,13,A,1,GROUNDED
20,B13A2,B,13,A,2,GROUNDED
20,B13A3,B,13,A,3,GROUNDED
20,B13B1,B,13,B,1,
20,B13B2,B,13,B,2,GROUNDED
20,B13B3,B,13,B,3,GROUNDED
20,B13C1,B,13,C,1,GROUNDED
20,B13C3,B,13,C,3,GROUNDED
20,B15A1,B,15,A,1,GROUNDED
20,B15A3,B,15,A,3,GROUNDED
20,B15B1,B,15,B,1,GROUNDED
20,B15B2,B,15,B,2,GROUNDED
20,B15B3,B,15,B,3,GROUNDED
20,B15C2,B,15,C,2,GROUNDED
20,B15C3,B,15,C,3,GROUNDED
20,B17A3,B,17,A,3,GROUNDED
20,B17B1,B,17,B,1,GROUNDED
20,B17B3,B,17,B,3,GROUNDED
20,B17C3,B,17,C,3,GROUNDED
20,B19A1,B,19,A,1,GROUNDED
20,B19A2,B,19,A,2,GROUNDED
20,B19B1,B,19,B,1,GROUNDED
20,B19B3,B,19,B,3,GROUNDED
20,B19C2,B,19,C,2,GROUNDED
20,B01E1,B,1,E,1,GROUNDED
20,B01E2,B,1,E,2,GROUNDED
20,B01E4,B,1,E,4,GROUNDED
20,B01F1,B,1,F,1,GROUNDED
20,B01F2,B,1,F,2,GROUNDED
20,B01F3,B,1,F,3,GROUNDED
40,B02E1,B,2,E,1,GROUNDED
40,B02E4,B,2,E,4,GROUNDED
40,B02F1,B,2,F,1,GROUNDED
40,B02F2,B,2,F,2,
40,B02F3,B,2,F,3,GROUNDED
40,B02F4,B,2,F,4,
20,B03E2,B,3,E,2,GROUNDED
20,B03F1,B,3,F,1,GROUNDED
20,B03F2,B,3,F,2,GROUNDED
20,B03F3,B,3,F,3,GROUNDED
20,B03F4,B,3,F,4,GROUNDED
20,B05E1,B,5,E,1,GROUNDED
20,B05E2,B,5,E,2,GROUNDED
20,B05F1,B,5,F,1,GROUNDED
20,B05F3,B,5,F,3,GROUNDED
20,B05F4,B,5,F,4,GROUNDED
40,B06E1,B,6,E,1,
40,B06E3,B,6,E,3,GROUNDED
40,B06E4,B,6,E,4,GROUNDED
40,B06F1,B,6,F,1,GROUNDED
40,B06F2,B,6,F,2,GROUNDED
40,B06F3,B,6,F,3,GROUNDED
20,B07E1,B,7,E,1,GROUNDED
20,B07E3,B,7,E,3,
20,B07E4,B,7,E,4,GROUNDED
20,B07F1,B,7,F,1,GROUNDED
20,B07F4,B,7,F,4,GROUNDED
20,B09E2,B,9,E,2,GROUNDED
20,B09E3,B,9,E,3,GROUNDED
20,B09E4,B,9,E,4,
20,B09F1,B,9,F,1,GROUNDED
20,B09F2,B,9,F,2,GROUNDED
20,B09F3,B,9,F,3,GROUNDED
20,B09F4,B,9,F,4,GROUNDED
40,B10E1,B,10,E,1,GROUNDED
40,B10E2,B,10,E,2,GROUNDED
40,B10E4,B,10,E,4,GROUNDED
40,B10F1,B,10,F,1,GROUNDED
40,B10F2,B,10,F,2,GROUNDED
40,B10F3,B,10,F,3,GROUNDED
40,B10F4,B,10,F,4,GROUNDED
20,B11E3,B,11,E,3,GROUNDED
20,B11E4,B,11,E,4,GROUNDED
20,B11F1,B,11,F,1,GROUNDED
20,B11F2,B,11,F,2,GROUNDED
20,B11F3,B,11,F,3,GROUNDED
20,B11F4,B,11,F,4,GROUNDED
20,B13E1,B,13,E,1,GROUNDED
20,B13E2,B,13,E,2,GROUNDED
20,B13E3,B,13,E,3,GROUNDED
20,B13E4,B,13,E,4,GROUNDED
20,B13F1,B,13,F,1,GROUNDED
20,B13F2,B,13,F,2,GROUNDED
20,B13F4,B,13,F,4,GROUNDED
40,B14E4,B,14,E,4,GROUNDED
40,B14F2,B,14,F,2,GROUNDED
40,B14F3,B,14,F,3,GROUNDED
40,B14F4,B,14,F,4,
20,B15E1,B,15,E,1,
20,B15E2,B,15,E,2,GROUNDED
20,B15F2,B,15,F,2,GROUNDED
20,B15F3,B,15,F,3,GROUNDED
20,B15F4,B,15,F,4,GROUNDED
20,B17E1,B,17,E,1,GROUNDED
20,B17E3,B,17,E,3,GROUNDED
20,B17E4,B,17,E,4,GROUNDED
20,B17F2,B,17,F,2,GROUNDED
20,B17F3,B,17,F,3,GROUNDED
20,B17F4,B,17,F,4,GROUNDED
40,B18E1,B,18,E,1,GROUNDED
40,B18E2,B,18,E,2,
40,B18E4,B,18,E,4,GROUNDED
40,B18F2,B,18,F,2,GROUNDED
40,B18F3,B,18,F,3,GROUNDED
40,B18F4,B,18,F,4,
20,B19E1,B,19,E,1,GROUNDED
20,B19E4,B,19,E,4,GROUNDED
20,B19F1,B,19,F,1,GROUNDED
20,B19F2,B,19,F,2,GROUNDED
20,B19F3,B,19,F,3,GROUNDED
20,B19F4,B,19,F,4,GROUNDED
20,B21E1,B,21,E,1,GROUNDED
20,B21E3,B,21,E,3,GROUNDED
20,B21E4,B,21,E,4,GROUNDED
20,B21F1,B,21,F,1,GROUNDED
20,B21F2,B,21,F,2,GROUNDED
20,B21F3,B,21,F,3,GROUNDED
40,B22E2,B,22,E,2,GROUNDED
40,B22F1,B,22,F,1,
40,B22F2,B,22,F,2,GROUNDED
40,B22F3,B,22,F,3,GROUNDED
40,B22F4,B,22,F,4,
20,B23E1,B,23,E,1,GROUNDED
20,B23E4,B,23,E,4,GROUNDED
20,B23F2,B,23,F,2,GROUNDED
20,B23F4,B,23,F,4,GROUNDED
20,B25E1,B,25,E,1,GROUNDED
20,B25E2,B,25,E,2,GROUNDED
20,B25E3,B,25,E,3,
20,B25E4,B,25,E,4,GROUNDED
20,B25F1,B,25,F,1,GROUNDED
20,B25F2,B,25,F,2,GROUNDED
40,B26E1,B,26,E,1,GROUNDED
40,B26E2,B,26,E,2,GROUNDED
40,B26E3,B,26,E,3,GROUNDED
40,B26E4,B,26,E,4,GROUNDED
40,B26F1,B,26,F,1,GROUNDED
40,B26F2,B,26,F,2,GROUNDED
40,B26F3,B,26,F,3,
20,B27E1,B,27,E,1,GROUNDED
20,B27E2,B,27,E,2,GROUNDED
20,B27E4,B,27,E,4,GROUNDED
20,B27F1,B,27,F,1,GROUNDED
20,B27F3,B,27,F,3,GROUNDED
20,B27F4,B,27,F,4,GROUNDED
